Year,Player,Team,Position,Age,Date of Birth,Birth City,Birth State/Province,Birth Country,Nationality,Height (in),Weight (lbs),Draft Year,Draft Team,Draft Round,Round Pick,Overall Draft Position
2014,Aaron Ness,NYI,D,28,5/18/90,Roseau,MN,USA,USA,70,184,2008,NYI,2,10,40
2014,Aaron Palushaj,CAR,R,29,9/7/89,Livonia,MI,USA,USA,72,187,2007,STL,2,14,44
2014,Aaron Rome,DAL,D,35,9/27/83,Nesbitt,MB,CAN,CAN,73,220,2002,L.A,4,8,104
2014,Aaron Volpatti,WSH,L,33,5/30/85,Revelstoke,BC,CAN,CAN,72,215,-,-,-,-,-
2014,Adam Almquist,DET,D,27,2/27/91,Jönköping,,SWE,SWE,71,174,2009,DET,7,29,210
2014,Adam Burish,S.J,R,36,1/6/83,Madison,WI,USA,USA,73,195,2002,CHI,9,22,282
2014,Adam Cracknell,STL,R,33,7/15/85,Prince Albert,SK,CAN,CAN,74,209,2004,CGY,9,21,279
2014,Adam Hall,PHI,R,38,8/14/80,Kalamazoo,MI,USA,USA,74,212,1999,NSH,2,24,52
2014,Adam Henrique,N.J,C,28,2/6/90,Brantford,ON,CAN,CAN,72,197,2008,N.J,3,21,82
2014,Adam Larsson,N.J,D,26,11/12/92,Skellefteå,,SWE,SWE,75,208,2011,N.J,1,4,4
2014,Adam McQuaid,BOS,D,32,10/12/86,Charlottetown,PE,CAN,CAN,76,210,2005,CBJ,2,25,55
2014,Adam Pardy,WPG,D,34,3/29/84,Bonavista,NL,CAN,CAN,76,227,2004,CGY,6,10,173
2014,Adam Payerl,PIT,C,27,3/4/91,Kitchener,ON,CAN,CAN,75,218,-,-,-,-,-
2014,Alec Martinez,L.A,D,31,7/26/87,Rochester Hills,MI,USA,USA,73,209,2007,L.A,4,4,95
2014,Aleksander Barkov,FLA,C,23,9/2/95,Tampere,,FIN,FIN,75,213,2013,FLA,1,2,2
2014,Ales Hemsky,"EDM, OTT",R,35,8/13/83,Pardubice,,CZE,CZE,72,177,2001,EDM,1,13,13
2014,Alex Chiasson,DAL,R,28,10/1/90,Montreal,QC,CAN,CAN,76,208,2009,DAL,2,8,38
2014,Alex Galchenyuk,MTL,C,24,2/12/94,Milwaukee,WI,USA,USA,73,207,2012,MTL,1,3,3
2014,Alex Goligoski,DAL,D,33,7/30/85,Grand Rapids,MN,USA,USA,71,185,2004,PIT,2,31,61
2014,Alex Grant,ANA,D,30,1/20/89,Antigonish,NS,CAN,CAN,75,210,2007,PIT,4,27,118
2014,Alex Khokhlachev,BOS,C,25,9/9/93,Moscow,,RUS,RUS,70,181,2011,BOS,2,10,40
2014,Alex Killorn,T.B,L,29,9/14/89,Halifax,NS,CAN,CAN,73,196,2007,T.B,3,16,77
2014,Alex Ovechkin,WSH,L,33,9/17/85,Moscow,,RUS,RUS,75,235,2004,WSH,1,1,1
2014,Alex Petrovic,FLA,D,26,3/3/92,Edmonton,AB,CAN,CAN,76,216,2010,FLA,2,6,36
2014,Alex Pietrangelo,STL,D,29,1/18/90,King City,ON,CAN,CAN,75,210,2008,STL,1,4,4
2014,Alex Tanguay,COL,L,39,11/21/79,Ste-Justine,QC,CAN,CAN,73,194,1998,COL,1,12,12
2014,Alexander Edler,VAN,D,32,4/21/86,Ostersund,,SWE,SWE,75,212,2004,VAN,3,26,91
2014,Alexander Semin,CAR,R,34,3/3/84,Krasnojarsk,,RUS,RUS,74,211,2002,WSH,1,13,13
2014,Alexander Steen,STL,L,34,3/1/84,Winnipeg,MB,CAN,SWE,72,211,2002,TOR,1,24,24
2014,Alexander Sulzer,BUF,D,34,5/30/84,Kaufbeuren,,DEU,DEU,73,198,2003,NSH,3,24,92
2014,Alexander Urbom,WSH,D,28,12/20/90,Stockholm,,SWE,SWE,76,215,2009,N.J,3,12,73
2014,Alexandre Burrows,VAN,L,37,4/11/81,Pincourt,QC,CAN,CAN,73,197,-,-,-,-,-
2014,Alexei Emelin,MTL,D,32,4/25/86,Togliatti,,RUS,RUS,74,218,2004,MTL,3,19,84
2014,Alexey Marchenko,DET,D,27,1/2/92,Moscow,,RUS,RUS,75,210,2011,DET,7,24,205
2014,Anders Lee,NYI,L,28,7/3/90,Edina,MN,USA,USA,75,231,2009,NYI,6,1,152
2014,Andre Benoit,COL,D,35,1/6/84,St. Albert,ON,CAN,CAN,71,190,-,-,-,-,-
2014,Andrei Loktionov,"CAR, N.J",C,28,5/30/90,Voskresensk,,RUS,RUS,71,190,2008,L.A,5,2,123
2014,Andrei Markov,MTL,D,40,12/20/78,Voskresensk,,RUS,RUS,72,200,1998,MTL,6,17,162
2014,Andrej Meszaros,"BOS, PHI",D,33,10/13/85,Povaská Bystrica,,SVK,SVK,74,223,2004,OTT,1,23,23
2014,Andrej Sekera,CAR,D,32,6/8/86,Bojnice,,SVK,SVK,72,200,2004,BUF,3,6,71
2014,Andrej Sustr,T.B,D,28,11/29/90,Plzen,,CZE,CZE,79,217,-,-,-,-,-
2014,Andrew Alberts,VAN,D,37,6/30/81,Minneapolis,MN,USA,USA,77,218,2001,BOS,6,14,179
2014,Andrew Campbell,L.A,D,31,2/4/88,Caledonia,ON,CAN,CAN,76,205,2008,L.A,3,13,74
2014,Andrew Cogliano,ANA,L,31,6/14/87,Toronto,ON,CAN,CAN,70,177,2005,EDM,1,25,25
2014,Andrew Desjardins,S.J,L,32,7/27/86,Lively,ON,CAN,CAN,73,195,-,-,-,-,-
2014,Andrew Ebbett,PIT,C,36,1/2/83,Vernon,BC,CAN,CAN,69,174,-,-,-,-,-
2014,Andrew Ference,EDM,D,39,3/17/79,Edmonton,AB,CAN,CAN,71,182,1997,PIT,8,18,208
2014,Andrew Ladd,WPG,L,33,12/12/85,Maple Ridge,BC,CAN,CAN,75,192,2004,CAR,1,4,4
2014,Andrew MacDonald,"NYI, PHI",D,32,9/7/86,Judique,NS,CAN,CAN,73,204,2006,NYI,6,7,160
2014,Andrew Shaw,CHI,C,27,7/20/91,Belleville,ON,CAN,CAN,71,182,2011,CHI,5,18,139
2014,Andy Greene,N.J,D,36,10/30/82,Trenton,MI,USA,USA,71,190,-,-,-,-,-
2014,Andy Miele,PHX,C,30,4/15/88,Grosse Pointe Woods,MI,USA,USA,67,169,-,-,-,-,-
2014,Anthony Peluso,WPG,R,29,4/18/89,North York,ON,CAN,CAN,75,225,2007,STL,6,9,160
2014,Antoine Roussel,DAL,L,29,11/21/89,Roubaix,,FRA,FRA,71,199,-,-,-,-,-
2014,Antoine Vermette,PHX,C,36,7/20/82,St. Agapit,QC,CAN,CAN,73,197,2000,OTT,2,25,55
2014,Anton Belov,EDM,D,32,7/29/86,Ryazan,,RUS,RUS,76,218,-,-,-,-,-
2014,Anton Lander,EDM,C,27,4/24/91,Sundsvall,,SWE,SWE,72,184,2009,EDM,2,10,40
2014,Anton Stralman,NYR,D,32,8/1/86,Tibro,,SWE,SWE,71,190,2005,TOR,7,22,216
2014,Anton Volchenkov,N.J,D,36,2/25/82,Moscow,,RUS,RUS,73,220,2000,OTT,1,21,21
2014,Anze Kopitar,L.A,C,31,8/24/87,Jesenice,,SVN,SVN,75,225,2005,L.A,1,11,11
2014,Arron Asham,NYR,R,40,4/13/78,Portage La Prairie,MB,CAN,CAN,71,210,1996,MTL,3,19,71
2014,Artem Anisimov,CBJ,C,30,5/24/88,Yaroslavl,,RUS,RUS,76,198,2006,NYR,2,24,54
2014,B.J. Crombeen,T.B,R,33,7/10/85,Denver,CO,USA,USA,74,209,2003,DAL,2,24,54
2014,Barret Jackman,STL,D,37,3/5/81,Trail,BC,CAN,CAN,72,203,1999,STL,1,17,17
2014,Beau Bennett,PIT,R,27,11/27/91,Gardena,CA,USA,USA,74,195,2010,PIT,1,20,20
2014,Ben Chiarot,WPG,D,27,5/9/91,Hamilton,ON,CAN,CAN,75,219,2009,ATL,4,29,120
2014,Ben Eager,EDM,L,35,1/22/84,Ottawa,ON,CAN,CAN,74,226,2002,PHX,1,23,23
2014,Ben Hanowski,CGY,R,28,10/18/90,Little Falls,MN,USA,USA,74,210,2009,PIT,3,2,63
2014,Ben Lovejoy,ANA,D,34,2/20/84,Concord,NH,USA,USA,73,205,-,-,-,-,-
2014,Ben Smith,CHI,R,30,7/11/88,Winston-Salem,NC,USA,USA,71,203,2008,CHI,6,18,169
2014,Ben Street,CGY,C,31,2/13/87,Coquitlam,BC,CAN,CAN,71,190,-,-,-,-,-
2014,Benn Ferriero,VAN,R,31,4/29/87,Boston,MA,USA,USA,71,195,2006,PHX,7,13,196
2014,Benoit Pouliot,NYR,L,32,9/29/86,Alfred,ON,CAN,CAN,75,200,2005,MIN,1,4,4
2014,Bill Arnold,CGY,C,26,5/13/92,Boston,MA,USA,USA,72,193,2010,CGY,4,18,108
2014,Blair Jones,CGY,C,32,9/27/86,Central Butte,SK,CAN,CAN,74,216,2005,T.B,4,11,102
2014,Blake Comeau,CBJ,L,32,2/18/86,Meadow Lake,SK,CAN,CAN,73,200,2004,NYI,2,17,47
2014,Blake Wheeler,WPG,R,32,8/31/86,Plymouth,MN,USA,USA,77,225,2004,PHX,1,5,5
2014,Bobby Butler,FLA,R,31,4/26/87,Marlborough,MA,USA,USA,72,189,-,-,-,-,-
2014,Bobby Ryan,OTT,R,31,3/17/87,Cherry Hill,NJ,USA,USA,74,209,2005,ANA,1,2,2
2014,Boone Jenner,CBJ,C,25,6/15/93,Dorchester,ON,CAN,CAN,74,206,2011,CBJ,2,7,37
2014,Boyd Gordon,EDM,C,35,10/19/83,Unity,SK,CAN,CAN,72,200,2002,WSH,1,17,17
2014,Bracken Kearns,S.J,C,37,5/12/81,North Vancouver,BC,CAN,CAN,72,188,-,-,-,-,-
2014,Brad Boyes,FLA,R,36,4/17/82,Mississauga,ON,CAN,CAN,72,199,2000,TOR,1,24,24
2014,Brad Hunt,EDM,D,30,8/24/88,Maple Ridge,BC,CAN,CAN,69,187,-,-,-,-,-
2014,Brad Malone,COL,C,29,5/20/89,Miramichi,NB,CAN,CAN,73,217,2007,COL,4,14,105
2014,Brad Marchand,BOS,L,30,5/11/88,Halifax,NS,CAN,CAN,69,181,2006,BOS,3,8,71
2014,Brad Mills,CHI,C,35,5/3/83,Terrace,BC,CAN,CAN,72,195,-,-,-,-,-
2014,Brad Richards,NYR,C,38,5/2/80,Murray Hbr.,PE,CAN,CAN,72,199,1998,T.B,3,6,64
2014,Brad Richardson,VAN,R,34,2/4/85,Belleville,ON,CAN,CAN,72,190,2003,COL,5,27,163
2014,Brad Stuart,S.J,D,39,11/6/79,Rocky Mountain House,AB,CAN,CAN,74,215,1998,S.J,1,3,3
2014,Brandon Bollig,CHI,L,32,1/31/87,St. Charles,MO,USA,USA,74,220,-,-,-,-,-
2014,Brandon Dubinsky,CBJ,C,32,4/29/86,Anchorage,AK,USA,USA,74,205,2004,NYR,2,30,60
2014,Brandon Gormley,PHX,D,26,2/18/92,Murray River,PE,CAN,CAN,74,188,2010,PHX,1,13,13
2014,Brandon Mashinter,NYR,L,30,9/20/88,Bradford,ON,CAN,CAN,76,212,-,-,-,-,-
2014,Brandon McMillan,PHX,L,28,3/22/90,Richmond,BC,CAN,CAN,71,190,2008,ANA,3,24,85
2014,Brandon Pirri,"CHI, FLA",R,27,4/10/91,Toronto,ON,CAN,CAN,72,186,2009,CHI,2,29,59
2014,Brandon Prust,MTL,L,34,3/16/84,London,ON,CAN,CAN,72,195,2004,CGY,3,5,70
2014,Brandon Saad,CHI,L,26,10/27/92,Pittsburgh,PA,USA,USA,73,206,2011,CHI,2,13,43
2014,Brandon Sutter,PIT,C,29,2/14/89,Huntington,NY,USA,CAN,75,190,2007,CAR,1,11,11
2014,Brandon Yip,PHX,R,33,4/25/85,Vancouver,BC,CAN,CAN,73,198,2004,COL,8,12,239
2014,Brayden McNabb,BUF,D,28,1/21/91,Davidson,SK,CAN,CAN,76,212,2009,BUF,3,5,66
2014,Brayden Schenn,PHI,C,27,8/22/91,Saskatoon,SK,CAN,CAN,73,200,2009,L.A,1,5,5
2014,Braydon Coburn,PHI,D,33,2/27/85,Shaunavon,SK,CAN,CAN,77,223,2003,ATL,1,8,8
2014,Brendan Gallagher,MTL,R,26,5/6/92,Edmonton,AB,CAN,CAN,69,184,2010,MTL,5,27,147
2014,Brendan Smith,DET,D,29,2/8/89,Mimico,ON,CAN,CAN,74,195,2007,DET,1,27,27
2014,Brenden Dillon,DAL,D,28,11/13/90,New Westminster,BC,CAN,CAN,76,225,-,-,-,-,-
2014,Brenden Morrow,STL,L,40,1/16/79,Carlyle,SK,CAN,CAN,71,212,1997,DAL,1,25,25
2014,Brent Burns,S.J,D,33,3/9/85,Barrie,ON,CAN,CAN,77,230,2003,MIN,1,20,20
2014,Brent Seabrook,CHI,D,33,4/20/85,Richmond,BC,CAN,CAN,75,220,2003,CHI,1,14,14
2014,Brett Bellemore,CAR,D,30,6/25/88,Windsor,ON,CAN,CAN,76,225,2007,CAR,6,11,162
2014,Brett Bulmer,MIN,R,26,4/26/92,Prince George,BC,CAN,CAN,76,212,2010,MIN,2,9,39
2014,Brett Connolly,T.B,R,26,5/2/92,Campbell River,BC,CAN,CAN,75,195,2010,T.B,1,6,6
2014,Brett Gallant,NYI,L,30,12/28/88,Summerside,PE,CAN,CAN,72,191,-,-,-,-,-
2014,Brett Sutter,CAR,L,31,6/2/87,Viking,AB,CAN,CAN,72,200,2005,CGY,6,17,179
2014,Brian Boyle,NYR,C,34,12/18/84,Hingham,MA,USA,USA,78,245,2003,L.A,1,26,26
2014,Brian Campbell,FLA,D,39,5/23/79,Strathroy,ON,CAN,CAN,70,192,1997,BUF,6,22,156
2014,Brian Dumoulin,PIT,D,27,9/6/91,Biddeford,ME,USA,USA,76,207,2009,CAR,2,21,51
2014,Brian Flynn,BUF,C,30,7/26/88,Lynnfield,MA,USA,USA,73,183,-,-,-,-,-
2014,Brian Gibbons,PIT,C,30,2/26/88,Braintree,MA,USA,USA,68,175,-,-,-,-,-
2014,Brian Gionta,MTL,R,40,1/18/79,Rochester,NY,USA,USA,67,178,1998,N.J,3,24,82
2014,Brian Lashoff,DET,D,28,7/16/90,Albany,NY,USA,USA,75,219,-,-,-,-,-
2014,Brian McGrattan,CGY,R,37,9/2/81,Hamilton,ON,CAN,CAN,76,235,1999,L.A,4,8,104
2014,Brian Strait,NYI,D,31,1/4/88,Waltham,MA,USA,USA,73,188,2006,PIT,3,2,65
2014,Brock Nelson,NYI,C,27,10/15/91,Warroad,MN,USA,USA,75,212,2010,NYI,1,30,30
2014,Brooks Laich,WSH,C,35,6/23/83,Wawota,SK,CAN,CAN,74,200,2001,OTT,6,28,193
2014,Brooks Orpik,PIT,D,38,9/26/80,San Francisco,CA,USA,USA,75,217,2000,PIT,1,18,18
2014,Bryan Allen,ANA,D,38,8/21/80,Kingston,ON,CAN,CAN,77,223,1998,VAN,1,4,4
2014,Bryan Bickell,CHI,L,32,3/9/86,Bowmanville,ON,CAN,CAN,76,223,2004,CHI,2,11,41
2014,Bryan Little,WPG,C,31,11/12/87,Edmonton,AB,CAN,CAN,72,191,2006,ATL,1,12,12
2014,Bryce Salvador,N.J,D,42,2/11/76,Brandon,MB,CAN,CAN,75,215,1994,T.B,6,8,138
2014,Bryce Van Brabant,CGY,L,27,11/12/91,Morinville,AB,CAN,CAN,75,207,-,-,-,-,-
2014,Cal Clutterbuck,NYI,R,31,11/18/87,Welland,ON,CAN,CAN,71,216,2006,MIN,3,9,72
2014,Calle Jarnkrok,NSH,C,27,9/25/91,Gävle,,SWE,SWE,71,186,2010,DET,2,21,51
2014,Calvin de Haan,NYI,D,27,5/9/91,Carp,ON,CAN,CAN,73,195,2009,NYI,1,12,12
2014,Cam Atkinson,CBJ,R,29,6/5/89,Riverside,CT,USA,USA,68,179,2008,CBJ,6,6,157
2014,Cam Fowler,ANA,D,27,12/5/91,Windsor,ON,CAN,USA,73,206,2010,ANA,1,12,12
2014,Cam Janssen,N.J,R,34,4/15/84,St. Louis,MO,USA,USA,72,215,2002,N.J,4,21,117
2014,Cameron Gaunce,DAL,D,28,3/19/90,Sudbury,ON,CAN,CAN,74,204,2008,COL,2,20,50
2014,Cameron Schilling,WSH,D,30,10/7/88,Carmel,IN,USA,USA,74,182,-,-,-,-,-
2014,Carl Gunnarsson,TOR,D,32,11/9/86,Orebro,,SWE,SWE,74,198,2007,TOR,7,13,194
2014,Carl Hagelin,NYR,L,30,8/23/88,Sodertalje,,SWE,SWE,71,186,2007,NYR,6,17,168
2014,Carl Klingberg,WPG,L,28,1/28/91,Gothenburg,,SWE,SWE,75,188,2009,ATL,2,4,34
2014,Carl Soderberg,BOS,C,33,10/12/85,Malmö,,SWE,SWE,75,210,2004,STL,2,19,49
2014,Carlo Colaiacovo,STL,D,36,1/27/83,Toronto,ON,CAN,CAN,73,202,2001,TOR,1,17,17
2014,Carson McMillan,MIN,R,30,9/10/88,Brandon,MB,CAN,CAN,73,196,2007,MIN,7,19,200
2014,Carter Ashton,TOR,R,27,4/1/91,Winnipeg,MB,CAN,CAN,75,215,2009,T.B,1,29,29
2014,Casey Cizikas,NYI,C,27,2/27/91,Toronto,ON,CAN,CAN,71,195,2009,NYI,4,1,92
2014,Casey Wellman,WSH,C,31,10/18/87,Brentwood,CA,USA,USA,72,173,-,-,-,-,-
2014,Cedric Paquette,T.B,C,25,8/13/93,Gaspe,QC,CAN,CAN,73,198,2012,T.B,4,10,101
2014,Chad Billins,CGY,D,29,5/26/89,Port Huron,MI,USA,USA,70,180,-,-,-,-,-
2014,Chad Ruhwedel,BUF,D,28,5/7/90,San Diego,CA,USA,USA,71,191,-,-,-,-,-
2014,Charlie Coyle,MIN,C,26,3/2/92,E. Weymouth,MA,USA,USA,75,220,2010,S.J,1,28,28
2014,Chris Breen,CGY,D,29,6/29/89,Uxbridge,ON,CAN,CAN,79,226,-,-,-,-,-
2014,Chris Brown,"PHX, WSH",R,28,2/3/91,Flower Mound,TX,USA,USA,74,188,2009,PHX,2,6,36
2014,Chris Butler,CGY,D,32,10/27/86,St. Louis,MO,USA,USA,73,196,2005,BUF,4,5,96
2014,Chris Conner,PIT,R,35,12/23/83,Westland,MI,USA,USA,67,181,-,-,-,-,-
2014,Chris Higgins,VAN,L,35,6/2/83,Smithtown,NY,USA,USA,72,205,2002,MTL,1,14,14
2014,Chris Kelly,BOS,C,38,11/11/80,Toronto,ON,CAN,CAN,72,190,1999,OTT,3,28,94
2014,Chris Kreider,NYR,L,27,4/30/91,Boxford,MA,USA,USA,75,216,2009,NYR,1,19,19
2014,Chris Kunitz,PIT,L,39,9/26/79,Regina,SK,CAN,CAN,72,188,-,-,-,-,-
2014,Chris Mueller,DAL,C,32,3/6/86,West Seneca,NY,USA,USA,71,196,-,-,-,-,-
2014,Chris Neil,OTT,R,39,6/18/79,Flesherton,ON,CAN,CAN,73,209,1998,OTT,6,16,161
2014,Chris Phillips,OTT,D,40,3/9/78,Calgary,AB,CAN,CAN,75,219,1996,OTT,1,1,1
2014,Chris Porter,STL,L,34,5/29/84,Toronto,ON,CAN,CAN,73,206,2003,CHI,9,21,282
2014,Chris Stewart,"BUF, STL",R,31,10/30/87,Toronto,ON,CAN,CAN,74,242,2006,COL,1,18,18
2014,Chris Summers,PHX,D,30,2/5/88,Ann Arbor,MI,USA,USA,74,207,2006,PHX,1,29,29
2014,Chris Terry,CAR,L,29,4/7/89,Brampton,ON,CAN,CAN,70,191,2007,CAR,5,11,132
2014,Chris Thorburn,WPG,R,35,6/3/83,Sault Ste. Marie,ON,CAN,CAN,75,235,2001,BUF,2,20,50
2014,Chris VandeVelde,PHI,C,31,3/15/87,Moorhead,MN,USA,USA,74,190,2005,EDM,4,6,97
2014,Christian Ehrhoff,BUF,D,36,7/6/82,Moers,,DEU,DEU,74,201,2001,S.J,4,10,106
2014,Christian Folin,MIN,D,27,2/9/91,Gothenburg,,SWE,SWE,75,204,-,-,-,-,-
2014,Christian Thomas,MTL,L,26,5/26/92,Toronto,ON,CAN,CAN,69,175,2010,NYR,2,10,40
2014,Christopher Tanev,VAN,D,29,12/20/89,Toronto,ON,CAN,CAN,74,197,-,-,-,-,-
2014,Chuck Kobasew,PIT,R,36,4/17/82,Vancouver,BC,CAN,CAN,72,192,2001,CGY,1,14,14
2014,Clarke MacArthur,OTT,L,33,4/6/85,Lloydminster,AB,CAN,CAN,72,192,2003,BUF,3,6,74
2014,Claude Giroux,PHI,C,31,1/12/88,Hearst,ON,CAN,CAN,71,185,2006,PHI,1,22,22
2014,Clayton Stoner,MIN,D,33,2/19/85,Port McNeill,BC,CAN,CAN,76,216,2004,MIN,3,14,79
2014,Cody Bass,CBJ,C,32,1/7/87,Owen sound,ON,CAN,CAN,72,205,2005,OTT,4,4,95
2014,Cody Ceci,OTT,D,25,12/21/93,Ottawa,ON,CAN,CAN,74,209,2012,OTT,1,15,15
2014,Cody Eakin,DAL,C,27,5/24/91,Winnipeg,MB,CAN,CAN,72,190,2009,WSH,3,24,85
2014,Cody Franson,TOR,D,31,8/8/87,Sicamous,BC,CAN,CAN,77,224,2005,NSH,3,18,79
2014,Cody Goloubef,CBJ,D,29,11/30/89,Mississauga,ON,CAN,CAN,73,200,2008,CBJ,2,7,37
2014,Cody Hodgson,BUF,C,28,2/18/90,Toronto,ON,CAN,CAN,72,191,2008,VAN,1,10,10
2014,Cody Kunyk,T.B,R,28,5/20/90,Sherwood Park,AB,CAN,CAN,71,195,-,-,-,-,-
2014,Cody McCormick,"BUF, MIN",C,35,4/18/83,London,ON,CAN,CAN,74,222,2001,COL,5,13,144
2014,Cody McLeod,COL,L,34,6/26/84,Binscarth,MB,CAN,CAN,74,204,-,-,-,-,-
2014,Colby Robak,FLA,D,28,4/24/90,Dauphin,MB,CAN,CAN,75,194,2008,FLA,2,16,46
2014,Colin Fraser,L.A,C,34,1/28/85,Sicamous,BC,CAN,CAN,73,190,2003,PHI,3,1,69
2014,Colin Greening,OTT,C,32,3/9/86,St. John's,NL,CAN,CAN,74,210,2005,OTT,7,10,204
2014,Colin McDonald,NYI,R,34,9/30/84,Wethersfield,CT,USA,USA,74,219,2003,EDM,2,21,51
2014,Colin Wilson,NSH,"C, L",29,10/20/89,Greenwich,CT,USA,USA,73,221,2008,NSH,1,7,7
2014,Colton Orr,TOR,R,36,3/3/82,Winnipeg,MB,CAN,CAN,75,222,-,-,-,-,-
2014,Colton Sceviour,DAL,C,29,4/20/89,Red Deer,AB,CAN,CAN,72,192,2007,DAL,4,21,112
2014,Colton Sissons,NSH,C,25,11/5/93,North Vancouver,BC,CAN,CAN,73,200,2012,NSH,2,20,50
2014,Connor Carrick,WSH,D,24,4/13/94,Orland Park,IL,USA,USA,70,192,2012,WSH,5,16,137
2014,Connor Murphy,PHX,D,25,3/26/93,Dublin,OH,USA,USA,76,212,2011,PHX,1,20,20
2014,Conor Allen,NYR,D,29,1/31/90,Chicago,IL,USA,USA,73,188,-,-,-,-,-
2014,Corban Knight,CGY,C,28,9/10/90,Oliver,BC,CAN,CAN,74,195,2009,FLA,5,14,135
2014,Corey Perry,ANA,R,33,5/16/85,Peterborough,ON,CAN,CAN,75,206,2003,ANA,1,28,28
2014,Corey Potter,"BOS, EDM",D,35,1/5/84,Lansing,MI,USA,USA,75,204,2003,NYR,4,21,122
2014,Corey Tropp,"BUF, CBJ",R,29,7/25/89,Grosse Pointe Woods,MI,USA,USA,72,192,2007,BUF,3,28,89
2014,Cory Conacher,"BUF, OTT",C,29,12/14/89,Burlington,ON,CAN,CAN,68,180,-,-,-,-,-
2014,Cory Emmerton,DET,C,30,6/1/88,St. Thomas,ON,CAN,CAN,72,191,2006,DET,2,11,41
2014,Cory Sarich,COL,D,40,8/16/78,Saskatoon,SK,CAN,CAN,76,207,1996,BUF,2,1,27
2014,Craig Adams,PIT,R,41,4/26/77,Seria,,BRN,CAN,72,200,1996,HFD,9,8,223
2014,Craig Cunningham,BOS,L,28,9/13/90,Trail,BC,CAN,CAN,70,184,2010,BOS,4,7,97
2014,Craig Smith,NSH,R,29,9/5/89,Madison,WI,USA,USA,73,208,2009,NSH,4,7,98
2014,Curtis Glencross,CGY,L,36,12/28/82,Kindersley,SK,CAN,CAN,73,197,-,-,-,-,-
2014,Dainius Zubrus,N.J,C,40,6/16/78,Elektrenai,,LTU,LTU,77,225,1996,PHI,1,15,15
2014,Dale Weise,"MTL, VAN",R,30,8/5/88,Winnipeg,MB,CAN,CAN,74,206,2008,NYR,4,20,111
2014,Dalton Prout,CBJ,D,28,3/13/90,Kingsville,ON,CAN,CAN,75,215,2010,CBJ,6,4,154
2014,Damien Brunner,N.J,R,32,3/9/86,Zürich,,CHE,CHE,71,185,-,-,-,-,-
2014,Dan Boyle,S.J,D,42,7/12/76,Ottawa,ON,CAN,CAN,71,194,-,-,-,-,-
2014,Dan Girardi,NYR,D,34,4/29/84,Welland,ON,CAN,CAN,73,212,-,-,-,-,-
2014,Dan Hamhuis,VAN,D,36,12/13/82,Smithers,BC,CAN,CAN,73,204,2001,NSH,1,12,12
2014,Dana Tyrell,T.B,C,29,4/23/89,Airdrie,AB,CAN,CAN,70,192,2007,T.B,2,17,47
2014,Daniel Alfredsson,DET,R,46,12/11/72,Gothenburg,,SWE,SWE,71,203,1994,OTT,6,3,133
2014,Daniel Briere,MTL,C,41,10/6/77,Gatineau,QC,CAN,CAN,69,174,1996,PHX,1,24,24
2014,Daniel Carcillo,"L.A, NYR",L,34,1/28/85,King City,ON,CAN,CAN,72,200,2003,PIT,3,5,73
2014,Daniel Cleary,DET,R,40,12/18/78,Carbonear,NL,CAN,CAN,73,205,1997,CHI,1,13,13
2014,Daniel Paille,BOS,L,34,4/15/84,Welland,ON,CAN,CAN,73,188,2002,BUF,1,20,20
2014,Daniel Sedin,VAN,L,38,9/26/80,Ornskoldsvik,,SWE,SWE,73,190,1999,VAN,1,2,2
2014,Daniel Winnik,ANA,L,33,3/6/85,Toronto,ON,CAN,CAN,74,210,2004,PHX,9,7,265
2014,Danny DeKeyser,DET,D,28,3/7/90,Detroit,MI,USA,USA,75,192,-,-,-,-,-
2014,Dany Heatley,MIN,L,38,1/21/81,Freiburg,,DEU,CAN,75,212,2000,ATL,1,2,2
2014,Darren Archibald,VAN,R,28,2/9/90,Newmarket,ON,CAN,CAN,75,210,-,-,-,-,-
2014,Darren Helm,DET,C,32,1/21/87,St. Andrews,MB,CAN,CAN,72,196,2005,DET,5,7,132
2014,Darroll Powe,NYR,C,33,6/22/85,Saskatoon,SK,CAN,CAN,71,212,-,-,-,-,-
2014,Dave Bolland,TOR,C,32,6/5/86,Mimico,ON,CAN,CAN,72,188,2004,CHI,2,2,32
2014,David Backes,STL,R,34,5/1/84,Minneapolis,MN,USA,USA,75,215,2003,STL,2,32,62
2014,David Booth,VAN,L,34,11/24/84,Detroit,MI,USA,USA,72,212,2004,FLA,2,23,53
2014,David Broll,TOR,L,26,1/4/93,Mississauga,ON,CAN,CAN,74,188,2011,TOR,6,1,152
2014,David Clarkson,TOR,R,34,3/31/84,Toronto,ON,CAN,CAN,72,207,-,-,-,-,-
2014,David Desharnais,MTL,C,32,9/14/86,Laurier-Station,QC,CAN,CAN,67,180,-,-,-,-,-
2014,David Jones,CGY,R,34,8/10/84,Guelph,ON,CAN,CAN,75,208,2003,COL,9,27,288
2014,David Krejci,BOS,C,32,4/28/86,Sternberk,,CZE,CZE,72,188,2004,BOS,2,33,63
2014,David Legwand,"DET, NSH",C,38,8/17/80,Detroit,MI,USA,USA,74,207,1998,NSH,1,2,2
2014,David Moss,PHX,R,37,12/28/81,Livonia,MI,USA,USA,76,210,2001,CGY,7,24,220
2014,David Perron,EDM,L,30,5/28/88,Sherbrooke,QC,CAN,CAN,72,200,2007,STL,1,26,26
2014,David Rundblad,"CHI, PHX",D,28,10/8/90,Lycksele,,SWE,SWE,74,187,2009,STL,1,17,17
2014,David Savard,CBJ,D,28,10/22/90,St. Hyacinthe,QC,CAN,CAN,74,227,2009,CBJ,4,3,94
2014,David Schlemko,PHX,D,31,5/7/87,Edmonton,AB,CAN,CAN,73,191,-,-,-,-,-
2014,David Steckel,ANA,C,36,3/15/82,Milwaukee,WI,USA,USA,78,215,2001,L.A,1,30,30
2014,David Van Der Gulik,COL,L,35,4/20/83,Abbotsford,BC,CAN,CAN,70,173,2002,CGY,7,9,206
2014,David Warsofsky,BOS,D,28,5/30/90,Marshfield,MA,USA,USA,69,170,2008,STL,4,4,95
2014,Denis Grebeshkov,EDM,D,35,10/11/83,Yaroslavl,,RUS,RUS,72,206,2002,L.A,1,18,18
2014,Dennis Seidenberg,BOS,D,37,7/18/81,Schwenningen,,DEU,DEU,72,199,2001,PHI,6,7,172
2014,Dennis Wideman,CGY,D,35,3/20/83,Kitchener,ON,CAN,CAN,72,202,2002,BUF,8,12,241
2014,Derek Dorsett,NYR,R,32,12/20/86,Kindersley,SK,CAN,CAN,72,192,2006,CBJ,7,6,189
2014,Derek Grant,OTT,C,28,4/20/90,Abbotsford,BC,CAN,CAN,75,215,2008,OTT,4,28,119
2014,Derek MacKenzie,CBJ,C,37,6/11/81,Sudbury,ON,CAN,CAN,71,177,1999,ATL,5,2,128
2014,Derek Morris,PHX,D,40,8/24/78,Edmonton,AB,CAN,CAN,72,210,1996,CGY,1,13,13
2014,Derek Roy,STL,C,35,5/4/83,Ottawa,ON,CAN,CAN,69,184,2001,BUF,2,2,32
2014,Derek Smith,CGY,D,34,10/13/84,Belleville,ON,CAN,CAN,73,197,-,-,-,-,-
2014,Derek Stepan,NYR,C,28,6/18/90,Hastings,MN,USA,USA,72,196,2008,NYR,2,21,51
2014,Derick Brassard,NYR,C,31,9/22/87,Hull,QC,CAN,CAN,73,202,2006,CBJ,1,6,6
2014,Deryk Engelland,PIT,D,36,4/3/82,Edmonton,AB,CAN,CAN,74,214,2000,N.J,6,27,194
2014,Devante Smith-Pelly,ANA,R,26,6/14/92,Scarborough,ON,CAN,CAN,72,223,2010,ANA,2,12,42
2014,Devin Setoguchi,WPG,R,32,1/1/87,Taber,AB,CAN,CAN,72,205,2005,S.J,1,8,8
2014,Dion Phaneuf,TOR,D,33,4/10/85,Edmonton,AB,CAN,CAN,75,222,2003,CGY,1,9,9
2014,Dmitrij Jaskin,STL,R,25,3/23/93,Omsk,,RUS,CZE,74,216,2011,STL,2,11,41
2014,Dmitry Korobov,T.B,D,29,3/12/89,Novopolotsk,,BLR,BLR,75,230,-,-,-,-,-
2014,Dmitry Kulikov,FLA,D,28,10/29/90,Lipetsk,,RUS,RUS,73,204,2009,FLA,1,14,14
2014,Dmitry Orlov,WSH,D,27,7/23/91,Novokuznetsk,,RUS,RUS,71,212,2009,WSH,2,25,55
2014,Dominic Moore,NYR,C,38,8/3/80,Thornhill,ON,CAN,CAN,72,192,2000,NYR,3,30,95
2014,Dougie Hamilton,BOS,D,25,6/17/93,Toronto,ON,CAN,CAN,78,229,2011,BOS,1,9,9
2014,Douglas Murray,MTL,D,38,3/12/80,Bromma,,SWE,SWE,75,240,1999,S.J,8,26,241
2014,Drayson Bowman,CAR,L,29,3/8/89,Grand Rapids,MI,USA,USA,73,195,2007,CAR,3,11,72
2014,Drew Doughty,L.A,D,29,12/8/89,London,ON,CAN,CAN,73,202,2008,L.A,1,2,2
2014,Drew Miller,DET,L,34,2/17/84,Dover,NJ,USA,USA,74,183,2003,ANA,6,19,186
2014,Drew Shore,FLA,C,28,1/29/91,Denver,CO,USA,USA,75,205,2009,FLA,2,14,44
2014,Drew Stafford,BUF,R,33,10/30/85,Milwaukee,WI,USA,USA,74,215,2004,BUF,1,13,13
2014,Duncan Keith,CHI,D,35,7/16/83,Winnipeg,MB,CAN,CAN,73,192,2002,CHI,2,24,54
2014,Dustin Brown,L.A,R,34,11/4/84,Ithaca,NY,USA,USA,72,210,2003,L.A,1,13,13
2014,Dustin Byfuglien,WPG,D,33,3/27/85,Roseau,MN,USA,USA,77,260,2003,CHI,8,16,245
2014,Dustin Jeffrey,"DAL, PIT",L,30,2/27/88,Sarnia,ON,CAN,CAN,73,205,2007,PIT,6,20,171
2014,Dustin Penner,"ANA, WSH",R,36,9/28/82,Winkler,MB,CAN,CAN,76,247,-,-,-,-,-
2014,Dwight King,L.A,L,29,7/5/89,Meadow Lake,SK,CAN,CAN,76,229,2007,L.A,4,18,109
2014,Dylan McIlrath,NYR,D,26,4/20/92,Winnipeg,MB,CAN,CAN,77,236,2010,NYR,1,10,10
2014,Dylan Olsen,FLA,D,28,1/3/91,Salt Lake City,UT,USA,CAN,74,223,2009,CHI,1,28,28
2014,Ed Jovanovski,FLA,D,42,6/26/76,Windsor,ON,CAN,CAN,75,220,1994,FLA,1,1,1
2014,Elias Lindholm,CAR,C,24,12/2/94,Boden,,SWE,SWE,73,195,2013,CAR,1,5,5
2014,Emerson Etem,ANA,L,26,6/16/92,Long Beach,CA,USA,USA,73,212,2010,ANA,1,29,29
2014,Eriah Hayes,S.J,R,30,7/7/88,La Crescent,MN,USA,USA,76,210,-,-,-,-,-
2014,Eric Boulton,NYI,L,42,8/17/76,Halifax,NS,CAN,CAN,72,227,1994,NYR,9,26,234
2014,Eric Brewer,T.B,D,39,4/17/79,Vernon,BC,CAN,CAN,76,216,1997,NYI,1,5,5
2014,Eric Fehr,WSH,C,33,9/7/85,Winkler,MB,CAN,CAN,76,209,2003,WSH,1,18,18
2014,Eric Gelinas,N.J,D,27,5/8/91,Vanier,ON,CAN,CAN,76,215,2009,N.J,2,24,54
2014,Eric Gryba,OTT,D,30,4/14/88,Saskatoon,SK,CAN,CAN,76,222,2006,OTT,3,5,68
2014,Eric Nystrom,NSH,L,35,2/14/83,Syosset,NY,USA,USA,73,200,2002,CGY,1,10,10
2014,Eric O'Dell,WPG,C,28,6/21/90,Ottawa,ON,CAN,CAN,73,188,2008,ANA,2,9,39
2014,Eric Staal,CAR,C,34,10/29/84,Thunder Bay,ON,CAN,CAN,76,207,2003,CAR,1,2,2
2014,Eric Tangradi,WPG,L,29,2/10/89,Philadelphia,PA,USA,USA,76,226,2007,ANA,2,12,42
2014,Erik Cole,DAL,L,40,11/6/78,Oswego,NY,USA,USA,74,205,1998,CAR,3,13,71
2014,Erik Condra,OTT,R,32,8/6/86,Trenton,MI,USA,USA,71,185,2006,OTT,7,28,211
2014,Erik Gudbranson,FLA,D,27,1/7/92,Ottawa,ON,CAN,CAN,77,217,2010,FLA,1,3,3
2014,Erik Gustafsson,PHI,D,30,12/15/88,Kvissleby,,SWE,SWE,70,180,-,-,-,-,-
2014,Erik Haula,MIN,C,27,3/23/91,Pori,,FIN,FIN,72,193,2009,MIN,7,1,182
2014,Erik Johnson,COL,D,30,3/21/88,Bloomington,MN,USA,USA,76,225,2006,STL,1,1,1
2014,Erik Karlsson,OTT,D,28,5/31/90,Landsbro,,SWE,SWE,72,190,2008,OTT,1,15,15
2014,Evander Kane,WPG,L,27,8/2/91,Vancouver,BC,CAN,CAN,74,210,2009,ATL,1,4,4
2014,Evgeni Malkin,PIT,C,32,7/31/86,Magnitogorsk,,RUS,RUS,75,195,2004,PIT,1,2,2
2014,Evgeny Kuznetsov,WSH,C,26,5/19/92,Chelyabinsk,,RUS,RUS,74,204,2010,WSH,1,26,26
2014,Fedor Tyutin,CBJ,D,35,7/19/83,Izhevsk,,RUS,RUS,74,221,2001,NYR,2,10,40
2014,Filip Forsberg,NSH,L,24,8/13/94,Ostervala,,SWE,SWE,73,205,2012,WSH,1,11,11
2014,Francis Bouillon,MTL,D,43,10/17/75,New York City,NY,USA,USA,68,194,-,-,-,-,-
2014,Francois Beauchemin,ANA,D,38,6/4/80,Sorel,QC,CAN,CAN,71,208,1998,MTL,3,17,75
2014,Frank Corrado,VAN,D,25,3/26/93,Toronto,ON,CAN,CAN,72,205,2011,VAN,5,29,150
2014,Frans Nielsen,NYI,C,34,4/24/84,Herning,,DNK,DNK,73,188,2002,NYI,3,24,87
2014,Frazer McLaren,TOR,L,31,10/29/87,Winnipeg,MB,CAN,CAN,77,230,2007,S.J,7,22,203
2014,Freddie Hamilton,S.J,C,27,1/1/92,Toronto,ON,CAN,CAN,73,195,2010,S.J,5,9,129
2014,Gabriel Bourque,NSH,L,28,9/23/90,Rimouski,QC,CAN,CAN,70,206,2009,NSH,5,11,132
2014,Gabriel Dumont,MTL,C,28,10/6/90,Ville Degelis,QC,CAN,CAN,70,190,2009,MTL,5,18,139
2014,Gabriel Landeskog,COL,L,26,11/23/92,Stockholm,,SWE,SWE,73,215,2011,COL,1,2,2
2014,Garrett Wilson,FLA,L,27,3/16/91,Barrie,ON,CAN,CAN,74,199,2009,FLA,4,16,107
2014,George Parros,MTL,R,39,12/29/79,Washington,PA,USA,USA,77,224,1999,L.A,8,7,222
2014,Gilbert Brule,PHX,C,32,1/1/87,Edmonton,AB,CAN,CAN,71,187,2005,CBJ,1,6,6
2014,Grant Clitsome,WPG,D,33,4/14/85,Gloucester,ON,CAN,CAN,71,211,2004,CBJ,9,13,271
2014,Greg McKegg,TOR,C,26,6/17/92,St. Thomas,ON,CAN,CAN,72,194,2010,TOR,3,2,62
2014,Gregory Campbell,BOS,C,35,12/17/83,London,ON,CAN,CAN,72,188,2002,FLA,3,4,67
2014,Gustav Nyquist,DET,R,29,9/1/89,Halmstad,,SWE,SWE,71,184,2008,DET,4,30,121
2014,Hal Gill,PHI,D,43,4/6/75,Concord,MA,USA,USA,79,243,1993,BOS,8,25,207
2014,Hampus Lindholm,ANA,D,25,1/20/94,Helsingborg,,SWE,SWE,75,211,2012,ANA,1,6,6
2014,Harry Zolnierczyk,PIT,L,31,9/1/87,Toronto,ON,CAN,CAN,71,180,-,-,-,-,-
2014,Henrik Sedin,VAN,C,38,9/26/80,Ornskoldsvik,,SWE,SWE,74,183,1999,VAN,1,3,3
2014,Henrik Tallinder,BUF,D,40,1/10/79,Stockholm,,SWE,SWE,76,209,1997,BUF,2,22,48
2014,Henrik Zetterberg,DET,L,38,10/9/80,Njurunda,,SWE,SWE,72,197,1999,DET,7,24,210
2014,Ian Cole,STL,D,29,2/21/89,Ann Arbor,MI,USA,USA,73,219,2007,STL,1,18,18
2014,J.T. Brown,T.B,R,28,7/2/90,Burnsville,MN,USA,USA,70,166,-,-,-,-,-
2014,J.T. Miller,NYR,L,25,3/14/93,East Palestine,OH,USA,USA,73,218,2011,NYR,1,15,15
2014,Jack Hillen,WSH,D,33,1/24/86,Minnetonka,MN,USA,USA,70,190,-,-,-,-,-
2014,Jack Johnson,CBJ,D,32,1/13/87,Indianapolis,IN,USA,USA,73,227,2005,CAR,1,3,3
2014,Jack Skille,CBJ,R,31,5/19/87,Madison,WI,USA,USA,73,216,2005,CHI,1,7,7
2014,Jacob Josefson,N.J,C,27,3/2/91,Stockholm,,SWE,SWE,72,196,2009,N.J,1,20,20
2014,Jacob Trouba,WPG,D,24,2/26/94,Rochester,MI,USA,USA,75,202,2012,WPG,1,9,9
2014,Jaden Schwartz,STL,L,26,6/25/92,Wilcox,SK,CAN,CAN,70,190,2010,STL,1,14,14
2014,Jake Dowell,MIN,C,33,3/4/85,Eau Claire,WI,USA,USA,72,200,2004,CHI,5,11,140
2014,Jake Gardiner,TOR,D,28,7/4/90,Minnetonka,MN,USA,USA,74,203,2008,ANA,1,17,17
2014,Jake McCabe,BUF,D,25,10/12/93,Eau Claire,WI,USA,USA,73,206,2012,BUF,2,14,44
2014,Jake Muzzin,L.A,D,29,2/21/89,Woodstock,ON,CAN,CAN,75,213,2007,PIT,5,20,141
2014,Jakob Silfverberg,ANA,R,28,10/13/90,Gävle,,SWE,SWE,74,204,2009,OTT,2,9,39
2014,Jakub Kindl,DET,D,31,2/10/87,Sumperk,,CZE,CZE,75,199,2005,DET,1,19,19
2014,Jakub Voracek,PHI,R,29,8/15/89,Kladno,,CZE,CZE,74,214,2007,CBJ,1,7,7
2014,James Neal,PIT,"L, R",31,9/3/87,Whitby,ON,CAN,CAN,74,212,2005,DAL,2,3,33
2014,James Sheppard,S.J,C,30,4/25/88,Halifax,NS,CAN,CAN,73,215,2006,MIN,1,9,9
2014,James van Riemsdyk,TOR,L,29,5/4/89,Middletown,NJ,USA,USA,75,217,2007,PHI,1,2,2
2014,James Wisniewski,CBJ,D,34,2/21/84,Canton,MI,USA,USA,71,203,2002,CHI,5,25,156
2014,James Wright,WPG,C,28,3/24/90,Saskatoon,SK,CAN,CAN,76,210,2008,T.B,4,26,117
2014,Jamie Benn,DAL,L,29,7/18/89,Victoria,BC,CAN,CAN,74,205,2007,DAL,5,8,129
2014,Jamie Devane,TOR,L,27,2/20/91,Mississauga,ON,CAN,CAN,77,232,2009,TOR,3,7,68
2014,Jamie McBain,BUF,D,30,2/25/88,Edina,MN,USA,USA,73,195,2006,CAR,2,33,63
2014,Jamie McGinn,COL,L,30,8/5/88,Fergus,ON,CAN,CAN,73,205,2006,S.J,2,6,36
2014,Jamie Oleksiak,DAL,D,26,12/21/92,Toronto,ON,CAN,CAN,79,255,2011,DAL,1,14,14
2014,Jan Hejda,COL,D,40,6/18/78,Prague,,CZE,CZE,76,230,2003,BUF,4,5,106
2014,Jannik Hansen,VAN,R,32,3/15/86,Rødovre,,DNK,DNK,73,198,2004,VAN,9,29,287
2014,Jared Boll,CBJ,R,32,5/13/86,Charlotte,NC,USA,USA,75,206,2005,CBJ,4,10,101
2014,Jared Cowen,OTT,D,28,1/25/91,Saskatoon,SK,CAN,CAN,77,238,2009,OTT,1,9,9
2014,Jared Spurgeon,MIN,D,29,11/29/89,Edmonton,AB,CAN,CAN,69,167,2008,NYI,6,5,156
2014,Jarome Iginla,BOS,R,41,7/1/77,Edmonton,AB,CAN,CAN,73,210,1995,DAL,1,11,11
2014,Jaromir Jagr,N.J,R,46,2/15/72,Kladno,,CZE,CZE,75,230,1990,PIT,1,5,5
2014,Jarred Tinordi,MTL,D,26,2/20/92,Burnsville,MN,USA,USA,78,230,2010,MTL,1,22,22
2014,Jarret Stoll,L.A,C,36,6/24/82,Melville,SK,CAN,CAN,73,216,2002,EDM,2,6,36
2014,Jason Akeson,PHI,R,28,6/3/90,Ottawa,ON,CAN,CAN,70,185,-,-,-,-,-
2014,Jason Chimera,WSH,L,39,5/2/79,Edmonton,AB,CAN,CAN,75,215,1997,EDM,5,15,121
2014,Jason Demers,S.J,D,30,6/9/88,Dorval,QC,CAN,CAN,73,195,2008,S.J,7,5,186
2014,Jason Garrison,VAN,D,34,11/13/84,White Rock,BC,CAN,CAN,73,218,-,-,-,-,-
2014,Jason Pominville,MIN,R,36,11/30/82,Repentigny,QC,CAN,USA,72,180,2001,BUF,2,25,55
2014,Jason Spezza,OTT,C,35,6/13/83,Toronto,ON,CAN,CAN,75,215,2001,OTT,1,2,2
2014,Jason Zucker,MIN,L,27,1/16/92,Newport Beach,CA,USA,USA,71,183,2010,MIN,2,29,59
2014,Jay Beagle,WSH,C,33,10/16/85,Calgary,AB,CAN,CAN,75,210,-,-,-,-,-
2014,Jay Bouwmeester,STL,D,35,9/27/83,Edmonton,AB,CAN,CAN,76,206,2002,FLA,1,3,3
2014,Jay Harrison,CAR,D,36,11/3/82,Oshawa,ON,CAN,CAN,76,188,2001,TOR,3,19,82
2014,Jay McClement,TOR,C,35,3/2/83,Kingston,ON,CAN,CAN,73,205,2001,STL,2,27,57
2014,Jay Rosehill,PHI,L,33,7/16/85,Olds,AB,CAN,CAN,75,215,2003,T.B,7,30,227
2014,Jayson Megna,PIT,C,29,2/1/90,Fort Lauderdale,FL,USA,USA,73,195,-,-,-,-,-
2014,Jean-Gabriel Pageau,OTT,C,26,11/11/92,Ottawa,ON,CAN,CAN,70,184,2011,OTT,4,5,96
2014,Jean-Philippe Cote,T.B,D,36,4/22/82,Charlesbourg,QC,CAN,CAN,74,216,2000,TOR,9,4,265
2014,Jeff Carter,L.A,C,34,1/1/85,London,ON,CAN,CAN,75,219,2003,PHI,1,11,11
2014,Jeff Halpern,PHX,C,42,5/3/76,Washington,DC,USA,USA,72,190,-,-,-,-,-
2014,Jeff Petry,EDM,D,31,12/9/87,Ann Arbor,MI,USA,USA,75,197,2006,EDM,2,15,45
2014,Jeff Skinner,CAR,L,26,5/16/92,Toronto,ON,CAN,CAN,71,187,2010,CAR,1,7,7
2014,Jeremy Morin,CHI,L,27,4/16/91,Auburn,NY,USA,USA,73,195,2009,ATL,2,15,45
2014,Jeremy Welsh,VAN,C,30,4/30/88,Bayfield,ON,CAN,CAN,75,210,-,-,-,-,-
2014,Jerred Smithson,TOR,C,40,2/4/79,Vernon,BC,CAN,CAN,75,209,-,-,-,-,-
2014,Jerry D'Amigo,TOR,R,27,2/19/91,Binghamton,NY,USA,USA,71,200,2009,TOR,6,7,158
2014,Jesper Fast,NYR,R,27,12/2/91,Nassjo,,SWE,SWE,72,192,2010,NYR,6,7,157
2014,Jesse Joensuu,EDM,L,31,10/5/87,Pori,,FIN,FIN,76,213,2006,NYI,2,30,60
2014,Jesse Winchester,FLA,C,35,10/4/83,Long Sault,ON,CAN,CAN,73,188,-,-,-,-,-
2014,Jim Slater,WPG,C,36,12/9/82,Lapeer,MI,USA,USA,72,195,2002,ATL,1,30,30
2014,Jimmy Hayes,"CHI, FLA",R,29,11/21/89,Dorchester,MA,USA,USA,77,215,2008,TOR,2,30,60
2014,Jiri Hudler,CGY,R,35,1/4/84,Olomouc,,CZE,CZE,70,190,2002,DET,2,28,58
2014,Jiri Tlusty,CAR,L,30,3/16/88,Slany,,CZE,CZE,72,205,2006,TOR,1,13,13
2014,Joakim Andersson,DET,C,29,2/5/89,Munkedal,,SWE,SWE,74,211,2007,DET,3,27,88
2014,Joakim Nordstrom,CHI,L,26,2/25/92,Stockholm,,SWE,SWE,73,194,2010,CHI,3,30,90
2014,Joe Colborne,CGY,C,29,1/30/90,Calgary,AB,CAN,CAN,77,221,2008,BOS,1,16,16
2014,Joe Corvo,OTT,D,41,6/20/77,Oak Park,IL,USA,USA,72,204,1997,L.A,4,3,83
2014,Joe Pavelski,S.J,C,34,7/11/84,Plover,WI,USA,USA,71,190,2003,S.J,7,8,205
2014,Joe Piskula,NSH,D,34,7/5/84,Antigo,WI,USA,USA,75,205,-,-,-,-,-
2014,Joe Thornton,S.J,C,39,7/2/79,London,ON,CAN,CAN,76,220,1997,BOS,1,1,1
2014,Joe Vitale,PIT,C,33,8/20/85,St. Louis,MO,USA,USA,71,205,2005,PIT,7,1,195
2014,Joe Whitney,N.J,R,30,2/6/88,Reading,MA,USA,USA,66,167,-,-,-,-,-
2014,Joel Ward,WSH,R,38,12/2/80,North York,ON,CAN,CAN,73,225,-,-,-,-,-
2014,Joey Crabb,FLA,R,35,4/3/83,Anchorage,AK,USA,USA,73,188,2002,NYR,7,29,226
2014,Joffrey Lupul,TOR,L,35,9/23/83,Fort Saskatchewan,AB,CAN,CAN,73,206,2002,ANA,1,7,7
2014,Johan Franzen,DET,R,39,12/23/79,Vetlanda,,SWE,SWE,76,232,2004,DET,3,32,97
2014,Johan Larsson,BUF,C,26,7/25/92,Lau,,SWE,SWE,71,202,2010,MIN,2,26,56
2014,Johan Sundstrom,NYI,C,26,9/21/92,Gothenburg,,SWE,SWE,75,201,2011,NYI,2,20,50
2014,John Albert,WPG,C,30,1/19/89,Cleveland,OH,USA,USA,71,188,2007,ATL,6,24,175
2014,John Carlson,WSH,D,29,1/10/90,Natick,MA,USA,USA,75,218,2008,WSH,1,27,27
2014,John Erskine,WSH,D,38,6/26/80,Kingston,ON,CAN,CAN,76,220,1998,DAL,2,12,39
2014,John McCarthy,S.J,C,32,8/9/86,Boston,MA,USA,USA,73,195,2006,S.J,7,19,202
2014,John Mitchell,COL,C,34,1/22/85,Oakville,ON,CAN,CAN,73,204,2003,TOR,5,22,158
2014,John Moore,NYR,D,28,11/19/90,Winnetka,IL,USA,USA,74,210,2009,CBJ,1,21,21
2014,John Persson,NYI,L,26,5/18/92,Ostersund,,SWE,SWE,75,222,2011,NYI,5,4,125
2014,John Scott,BUF,L,36,9/26/82,Edmonton,AB,CAN,CAN,80,260,-,-,-,-,-
2014,John Tavares,NYI,C,28,9/20/90,Mississauga,ON,CAN,CAN,73,209,2009,NYI,1,1,1
2014,John-Michael Liles,"CAR, TOR",D,38,11/25/80,Indianapolis,IN,USA,USA,70,185,2000,COL,5,29,159
2014,Johnny Boychuk,BOS,D,35,1/19/84,Edmonton,AB,CAN,CAN,74,227,2002,COL,2,31,61
2014,Johnny Gaudreau,CGY,L,25,8/13/93,Salem,NJ,USA,USA,69,165,2011,CGY,4,13,104
2014,Johnny Oduya,CHI,D,37,10/1/81,Stockholm,,SWE,SWE,72,191,2001,WSH,7,25,221
2014,Jon Merrill,N.J,D,27,2/3/92,Oklahoma City,OK,USA,USA,75,205,2010,N.J,2,8,38
2014,Jonas Brodin,MIN,D,25,7/12/93,Karlstad,,SWE,SWE,73,198,2011,MIN,1,10,10
2014,Jonathan Ericsson,DET,D,34,3/2/84,Karlskrona,,SWE,SWE,76,220,2002,DET,9,31,291
2014,Jonathan Huberdeau,FLA,L,25,6/4/93,Saint-Jerome,QC,CAN,CAN,73,200,2011,FLA,1,3,3
2014,Jonathan Racine,FLA,D,25,5/28/93,Montreal,QC,CAN,CAN,74,194,2011,FLA,3,26,87
2014,Jonathan Toews,CHI,C,30,4/29/88,Winnipeg,MB,CAN,CAN,74,201,2006,CHI,1,3,3
2014,Jonathon Blum,MIN,D,30,1/30/89,Long Beach,CA,USA,USA,73,188,2007,NSH,1,23,23
2014,Joonas Nattinen,MTL,C,28,1/3/91,Jamsa,,FIN,FIN,75,192,2009,MTL,3,4,65
2014,Jordan Caron,BOS,R,28,11/2/90,Sayabec,QC,CAN,CAN,75,204,2009,BOS,1,25,25
2014,Jordan Eberle,EDM,R,28,5/15/90,Regina,SK,CAN,CAN,71,187,2008,EDM,1,22,22
2014,Jordan Leopold,STL,D,38,8/3/80,Golden Valley,MN,USA,USA,73,206,1999,ANA,2,16,44
2014,Jordan Nolan,L.A,C,29,6/23/89,"Garden River, First Nations",ON,CAN,CAN,75,219,2009,L.A,7,5,186
2014,Jordan Schroeder,VAN,C,28,9/29/90,Lakeville,MN,USA,USA,69,170,2009,VAN,1,22,22
2014,Jordan Staal,CAR,C,30,9/10/88,Thunder Bay,ON,CAN,CAN,76,220,2006,PIT,1,2,2
2014,Jordan Szwarz,PHX,R,27,5/14/91,Burlington,ON,CAN,CAN,71,200,2009,PHX,4,6,97
2014,Jordie Benn,DAL,D,31,7/26/87,Victoria,BC,CAN,CAN,74,199,-,-,-,-,-
2014,Jordin Tootoo,DET,R,36,2/2/83,Churchill,MB,CAN,CAN,69,195,2001,NSH,4,2,98
2014,Josh Bailey,NYI,R,29,10/2/89,Bowmanville,ON,CAN,CAN,73,212,2008,NYI,1,9,9
2014,Josh Gorges,MTL,D,34,8/14/84,Kelowna,BC,CAN,CAN,73,204,-,-,-,-,-
2014,Josh Leivo,TOR,L,25,5/26/93,Innisfil,ON,CAN,CAN,74,192,2011,TOR,3,25,86
2014,Julian Melchiori,WPG,D,27,12/6/91,Richmond Hill,ON,CAN,CAN,77,222,2010,ATL,3,27,87
2014,Julien Brouillette,WSH,D,32,12/5/86,St-Esprit,QC,CAN,CAN,71,185,-,-,-,-,-
2014,Jussi Jokinen,PIT,L,35,4/1/83,Kalajoki,,FIN,FIN,72,191,2001,DAL,6,27,192
2014,Justin Abdelkader,DET,L,31,2/25/87,Muskegon,MI,USA,USA,74,214,2005,DET,2,12,42
2014,Justin Braun,S.J,D,31,2/10/87,Minneapolis,MN,USA,USA,74,205,2007,S.J,7,20,201
2014,Justin Falk,NYR,D,30,10/11/88,Snowflake,MB,CAN,CAN,77,223,2007,MIN,4,19,110
2014,Justin Faulk,CAR,D,26,3/20/92,South St.Paul,MN,USA,USA,72,217,2010,CAR,2,7,37
2014,Justin Florek,BOS,L,28,5/18/90,Marquette,MI,USA,USA,76,205,2010,BOS,5,15,135
2014,Justin Fontaine,MIN,R,31,11/6/87,Bonnyville,AB,CAN,CAN,70,174,-,-,-,-,-
2014,Justin Johnson,NYI,R,37,5/5/81,Anchorage,AK,USA,USA,73,220,-,-,-,-,-
2014,Justin Schultz,EDM,D,28,7/6/90,Kelowna,BC,CAN,CAN,74,193,2008,ANA,2,13,43
2014,Justin Williams,L.A,R,37,10/4/81,Cobourg,ON,CAN,CAN,73,184,2000,PHI,1,28,28
2014,Karl Alzner,WSH,D,30,9/24/88,Burnaby,BC,CAN,CAN,75,219,2007,WSH,1,5,5
2014,Karl Stollery,COL,D,31,11/21/87,Camrose,AB,CAN,CAN,71,180,-,-,-,-,-
2014,Keaton Ellerby,WPG,D,30,11/5/88,Strathmore,AB,CAN,CAN,77,220,2007,FLA,1,10,10
2014,Keith Aucoin,STL,C,40,11/6/78,Waltham,MA,USA,USA,68,171,-,-,-,-,-
2014,Keith Aulie,T.B,D,29,6/11/89,Rouleau,SK,CAN,CAN,78,222,2007,CGY,4,25,116
2014,Keith Ballard,MIN,D,36,11/26/82,Baudette,MN,USA,USA,71,204,2002,BUF,1,11,11
2014,Keith Yandle,PHX,D,32,9/9/86,Boston,MA,USA,USA,73,191,2005,PHX,4,14,105
2014,Kellan Lain,VAN,L,29,8/11/89,Oakville,ON,CAN,CAN,78,188,-,-,-,-,-
2014,Kenny Agostino,CGY,L,26,4/30/92,Morristown,NJ,USA,USA,72,199,2010,PIT,5,20,140
2014,Kevan Miller,BOS,D,31,11/15/87,Los Angeles,CA,USA,USA,74,210,-,-,-,-,-
2014,Kevin Bieksa,VAN,D,37,6/16/81,Grimsby,ON,CAN,CAN,73,197,2001,VAN,5,20,151
2014,Kevin Connauton,DAL,D,28,2/23/90,Edmonton,AB,CAN,CAN,74,205,2009,VAN,3,22,83
2014,Kevin Czuczman,NYI,D,28,1/9/91,Port Elgin,ON,CAN,CAN,74,206,-,-,-,-,-
2014,Kevin Klein,"NSH, NYR",D,34,12/13/84,Kitchener,ON,CAN,CAN,73,206,2003,NSH,2,7,37
2014,Kevin Porter,BUF,C,32,3/12/86,Detroit,MI,USA,USA,72,190,2004,PHX,4,21,119
2014,Kevin Shattenkirk,STL,D,30,1/29/89,New Rochelle,NY,USA,USA,72,206,2007,COL,1,14,14
2014,Kevin Westgarth,"CAR, CGY",R,34,2/7/84,Amherstburg,ON,CAN,CAN,76,234,-,-,-,-,-
2014,Kimmo Timonen,PHI,D,43,3/18/75,Kuopio,,FIN,FIN,70,194,1993,L.A,10,16,250
2014,Kris Letang,PIT,D,31,4/24/87,Montreal,QC,CAN,CAN,72,201,2005,PIT,3,1,62
2014,Kris Newbury,PHI,C,36,2/19/82,Brampton,ON,CAN,CAN,71,205,2002,S.J,5,8,139
2014,Kris Russell,CGY,D,31,5/2/87,Caroline,AB,CAN,CAN,70,170,2005,CBJ,3,6,67
2014,Kris Versteeg,"CHI, FLA",R,32,5/13/86,Lethbridge,AB,CAN,CAN,71,176,2004,BOS,5,5,134
2014,Krys Barch,FLA,R,38,3/26/80,Hamilton,ON,CAN,CAN,74,225,1998,WSH,4,20,106
2014,Kyle Brodziak,MIN,C,34,5/25/84,St. Paul,AB,CAN,CAN,74,205,2003,EDM,7,17,214
2014,Kyle Chipchura,PHX,C,32,2/19/86,Westlock,AB,CAN,CAN,74,203,2004,MTL,1,18,18
2014,Kyle Clifford,L.A,L,28,1/13/91,Ayr,ON,CAN,CAN,74,211,2009,L.A,2,5,35
2014,Kyle Okposo,NYI,R,30,4/16/88,St. Paul,MN,USA,USA,72,219,2006,NYI,1,7,7
2014,Kyle Palmieri,ANA,R,28,2/1/91,Smithtown,NY,USA,USA,71,185,2009,ANA,1,26,26
2014,Kyle Quincey,DET,D,33,8/12/85,Kitchener,ON,CAN,CAN,74,210,2003,DET,4,31,132
2014,Kyle Turris,OTT,C,29,8/14/89,New Westminster,BC,CAN,CAN,73,190,2007,PHX,1,3,3
2014,Ladislav Smid,"CGY, EDM",D,33,2/1/86,Frydlant,,CZE,CZE,76,210,2004,ANA,1,9,9
2014,Lance Bouma,CGY,C,28,3/25/90,Provost,AB,CAN,CAN,74,208,2008,CGY,3,17,78
2014,Landon Ferraro,DET,C,27,8/8/91,Trail,BC,CAN,CAN,72,173,2009,DET,2,2,32
2014,Lane MacDermid,"CGY, DAL",L,29,8/25/89,Hartford,CT,USA,USA,75,215,2009,BOS,4,21,112
2014,Lars Eller,MTL,C,29,5/8/89,Rodovre,,DNK,DNK,74,207,2007,STL,1,13,13
2014,Lauri Korpikoski,PHX,L,32,7/28/86,Turku,,FIN,FIN,73,193,2004,NYR,1,19,19
2014,Lee Stempniak,"CGY, PIT",R,36,2/4/83,West Seneca,NY,USA,USA,71,195,2003,STL,5,12,148
2014,Linden Vey,L.A,R,27,7/17/91,Wakaw,SK,CAN,CAN,72,189,2009,L.A,4,5,96
2014,Linus Omark,"BUF, EDM",L,31,2/5/87,Övertorneå,,SWE,SWE,70,187,2007,EDM,4,6,97
2014,Logan Couture,S.J,C,29,3/28/89,Guelph,ON,CAN,CAN,73,200,2007,S.J,1,9,9
2014,Loui Eriksson,BOS,L,33,7/17/85,Gothenburg,,SWE,SWE,74,179,2003,DAL,2,3,33
2014,Louis Leblanc,MTL,C,28,1/26/91,Pointe-Claire,QC,CAN,CAN,72,188,2009,MTL,1,18,18
2014,Lubomir Visnovsky,NYI,D,42,8/11/76,Topolcany,,SVK,SVK,70,192,2000,L.A,4,22,118
2014,Luca Sbisa,ANA,D,29,1/30/90,Ozieri,,ITA,CHE,74,204,2008,PHI,1,19,19
2014,Lucas Lessio,PHX,L,26,1/23/93,Maple,ON,CAN,CAN,73,212,2011,PHX,2,26,56
2014,Luke Adam,BUF,C,28,6/18/90,St. John's,NL,CAN,CAN,74,188,2008,BUF,2,14,44
2014,Luke Gazdic,EDM,L,29,7/25/89,Toronto,ON,CAN,CAN,76,225,2007,DAL,6,21,172
2014,Luke Glendening,DET,C,29,4/28/89,Grand Rapids,MI,USA,USA,71,192,-,-,-,-,-
2014,Luke Schenn,PHI,D,29,11/2/89,Saskatoon,SK,CAN,CAN,74,221,2008,TOR,1,5,5
2014,Magnus Paajarvi,STL,L,27,4/12/91,Norrkoping,,SWE,SWE,75,206,2009,EDM,1,10,10
2014,Manny Malhotra,CAR,C,38,5/18/80,Mississauga,ON,CAN,CAN,74,207,1998,NYR,1,7,7
2014,Marc Methot,OTT,D,33,6/21/85,Ottawa,ON,CAN,CAN,76,230,2003,CBJ,6,1,168
2014,Marc Staal,NYR,D,32,1/13/87,Thunder Bay,ON,CAN,CAN,76,213,2005,NYR,1,12,12
2014,Marc-Andre Cliche,COL,C,31,3/23/87,Rouyn-Noranda,QC,CAN,CAN,72,202,2005,NYR,2,26,56
2014,Marc-Edouard Vlasic,S.J,D,31,3/30/87,Montreal,QC,CAN,CAN,73,205,2005,S.J,2,5,35
2014,Marcel Goc,"FLA, PIT",C,35,8/24/83,Calw,,DEU,DEU,73,197,2001,S.J,1,20,20
2014,Marco Scandella,MIN,D,28,2/23/90,Montreal,QC,CAN,CAN,75,210,2008,MIN,2,25,55
2014,Marcus Foligno,BUF,L,27,8/10/91,Buffalo,NY,USA,CAN,75,228,2009,BUF,4,13,104
2014,Marcus Johansson,WSH,L,28,10/6/90,Landskrona,,SWE,SWE,73,205,2009,WSH,1,24,24
2014,Marcus Kruger,CHI,C,28,5/27/90,Stockholm,,SWE,SWE,72,186,2009,CHI,5,28,149
2014,Marek Zidlicky,N.J,D,42,2/3/77,Most,,CZE,CZE,71,190,2001,NYR,6,11,176
2014,Marian Gaborik,"CBJ, L.A",R,36,2/14/82,Trencin,,SVK,SVK,73,200,2000,MIN,1,3,3
2014,Marian Hossa,CHI,R,40,1/12/79,Stará Lubovna,,SVK,SVK,73,207,1997,OTT,1,12,12
2014,Mark Arcobello,EDM,R,30,8/12/88,Milford,CT,USA,USA,68,174,-,-,-,-,-
2014,Mark Barberio,T.B,D,28,3/23/90,Montreal,QC,CAN,CAN,73,200,2008,T.B,6,1,152
2014,Mark Borowiecki,OTT,D,29,7/12/89,Ottawa,ON,CAN,CAN,73,207,2008,OTT,5,18,139
2014,Mark Cundari,CGY,D,28,4/23/90,Toronto,ON,CAN,CAN,69,195,-,-,-,-,-
2014,Mark Fayne,N.J,D,31,5/15/87,Nashua,NH,USA,USA,75,209,2005,N.J,5,30,155
2014,Mark Fistric,ANA,D,32,6/1/86,Edmonton,AB,CAN,CAN,74,225,2004,DAL,1,28,28
2014,Mark Fraser,"EDM, TOR",D,32,9/29/86,Ottawa,ON,CAN,CAN,76,220,2005,N.J,3,23,84
2014,Mark Giordano,CGY,D,35,10/3/83,Toronto,ON,CAN,CAN,72,200,-,-,-,-,-
2014,Mark Letestu,CBJ,C,34,2/4/85,Elk Point,AB,CAN,CAN,70,195,-,-,-,-,-
2014,Mark Pysyk,BUF,D,27,1/11/92,Sherwood Park,AB,CAN,CAN,73,200,2010,BUF,1,23,23
2014,Mark Scheifele,WPG,C,25,3/15/93,Kitchener,ON,CAN,CAN,75,207,2011,WPG,1,7,7
2014,Mark Stone,OTT,R,26,5/13/92,Winnipeg,MB,CAN,CAN,75,219,2010,OTT,6,28,178
2014,Mark Streit,PHI,D,41,12/11/77,Bern,,CHE,CHE,71,186,2004,MTL,9,4,262
2014,Mark Stuart,WPG,D,34,4/27/84,Rochester,MN,USA,USA,74,215,2003,BOS,1,21,21
2014,Mark Van Guilder,NSH,C,35,1/17/84,Roseville,MN,USA,USA,73,186,-,-,-,-,-
2014,Markus Granlund,CGY,C,25,4/16/93,Oulu,,FIN,FIN,72,180,2011,CGY,2,15,45
2014,Martin Erat,"PHX, WSH",R,37,8/29/81,Trebic,,CZE,CZE,72,196,1999,NSH,7,5,191
2014,Martin Hanzal,PHX,C,31,2/20/87,Pisek,,CZE,CZE,78,230,2005,PHX,1,17,17
2014,Martin Havlat,S.J,R,37,4/19/81,Mlada Boleslav,,CZE,CZE,74,210,1999,OTT,1,26,26
2014,Martin Marincin,EDM,D,26,2/18/92,Kosice,,SVK,SVK,77,213,2010,EDM,2,16,46
2014,Martin St Pierre,MTL,C,35,8/11/83,Ottawa,ON,CAN,CAN,69,188,-,-,-,-,-
2014,Martin St. Louis,"NYR, T.B",R,43,6/18/75,Laval,QC,CAN,CAN,68,180,-,-,-,-,-
2014,Mason Raymond,TOR,L,33,9/17/85,Cochrane,AB,CAN,CAN,73,179,2005,VAN,2,21,51
2014,Mathieu Perreault,ANA,C,31,1/5/88,Drummondville,QC,CAN,CAN,70,188,2006,WSH,6,24,177
2014,Mats Zuccarello,NYR,R,31,9/1/87,Oslo,,NOR,NOR,68,184,-,-,-,-,-
2014,Matt Bartkowski,BOS,D,30,6/4/88,Pittsburgh,PA,USA,USA,73,198,2008,FLA,7,9,190
2014,Matt Beleskey,ANA,L,30,6/7/88,Windsor,ON,CAN,CAN,72,207,2006,ANA,4,19,112
2014,Matt Calvert,CBJ,L,29,12/24/89,Brandon,MB,CAN,CAN,71,186,2008,CBJ,5,6,127
2014,Matt Carey,CHI,L,26,2/28/92,Hamilton,ON,CAN,CAN,72,189,-,-,-,-,-
2014,Matt Carkner,NYI,D,38,11/3/80,Winchester,ON,CAN,CAN,77,229,1999,MTL,2,30,58
2014,Matt Carle,T.B,D,34,9/25/84,Anchorage,AK,USA,USA,72,197,2003,S.J,2,17,47
2014,Matt Cooke,MIN,L,40,9/7/78,Belleville,ON,CAN,CAN,71,216,1997,VAN,6,10,144
2014,Matt Cullen,NSH,C,42,11/2/76,Virginia,MN,USA,USA,73,202,1996,ANA,2,9,35
2014,Matt D'Agostini,"BUF, PIT",R,32,10/23/86,Sault Ste. Marie,ON,CAN,CAN,72,198,2005,MTL,6,28,190
2014,Matt Donovan,NYI,D,28,5/9/90,Edmond,OK,USA,USA,73,205,2008,NYI,4,5,96
2014,Matt Duchene,COL,C,28,1/16/91,Haliburton,ON,CAN,CAN,71,195,2009,COL,1,3,3
2014,Matt Dumba,MIN,D,24,7/25/94,Regina,SK,CAN,CAN,72,182,2012,MIN,1,7,7
2014,Matt Ellis,BUF,L,37,8/31/81,Welland,ON,CAN,CAN,72,208,-,-,-,-,-
2014,Matt Fraser,BOS,R,28,5/20/90,Red Deer,AB,CAN,CAN,75,188,-,-,-,-,-
2014,Matt Frattin,"CBJ, L.A",R,31,1/3/88,Edmonton,AB,CAN,CAN,72,205,2007,TOR,4,8,99
2014,Matt Gilroy,FLA,D,34,7/20/84,North Bellmore,NY,USA,USA,73,199,-,-,-,-,-
2014,Matt Greene,L.A,D,35,5/13/83,Grand Ledge,MI,USA,USA,75,236,2002,EDM,2,14,44
2014,Matt Halischuk,WPG,R,30,6/1/88,Toronto,ON,CAN,CAN,72,180,2007,N.J,4,26,117
2014,Matt Hendricks,"EDM, NSH",L,37,6/17/81,Blaine,MN,USA,USA,72,211,2000,NSH,5,1,131
2014,Matt Hunwick,COL,D,33,5/21/85,Warren,MI,USA,USA,71,194,2004,BOS,7,31,224
2014,Matt Irwin,S.J,D,31,11/29/87,Victoria,BC,CAN,CAN,73,207,-,-,-,-,-
2014,Matt Kassian,OTT,L,32,10/28/86,Edmonton,AB,CAN,CAN,76,240,2005,MIN,2,27,57
2014,Matt Lindblad,BOS,C,28,3/23/90,Evanston,IL,USA,USA,71,188,-,-,-,-,-
2014,Matt Martin,NYI,L,29,5/8/89,Windsor,ON,CAN,CAN,75,220,2008,NYI,5,27,148
2014,Matt Moulson,"BUF, MIN, NYI",L,35,11/1/83,North York,ON,CAN,CAN,73,188,2003,PIT,9,2,263
2014,Matt Nieto,S.J,L,26,11/5/92,Long Beach,CA,USA,USA,71,190,2011,S.J,2,17,47
2014,Matt Niskanen,PIT,D,32,12/6/86,Virginia,MN,USA,USA,73,203,2005,DAL,1,28,28
2014,Matt Pelech,S.J,R,31,9/4/87,Toronto,ON,CAN,CAN,76,230,2005,CGY,1,26,26
2014,Matt Read,PHI,R,32,6/14/86,Ilderton,ON,CAN,CAN,70,188,-,-,-,-,-
2014,Matt Stajan,CGY,C,35,12/19/83,Mississauga,ON,CAN,CAN,73,195,2002,TOR,2,27,57
2014,Matt Taormina,T.B,D,32,10/20/86,Warren,MI,USA,USA,70,188,-,-,-,-,-
2014,Mattias Ekholm,NSH,D,28,5/24/90,Borlange,,SWE,SWE,76,215,2009,NSH,4,11,102
2014,Mattias Tedenby,N.J,R,28,2/21/90,Vetlanda,,SWE,SWE,69,175,2008,N.J,1,24,24
2014,Max Pacioretty,MTL,L,30,11/20/88,New Canaan,CT,USA,USA,74,206,2007,MTL,1,22,22
2014,Max Reinhart,CGY,C,27,2/4/92,West Vancouver,BC,CAN,CAN,73,195,2010,CGY,3,4,64
2014,Max Talbot,"COL, PHI",C,34,2/11/84,Lemoyne,QC,CAN,CAN,71,186,2002,PIT,8,5,234
2014,Maxim Lapierre,STL,C,33,3/29/85,Saint-Léonard,QC,CAN,CAN,74,215,2003,MTL,2,31,61
2014,Maxime Fortunus,DAL,D,35,7/28/83,Longueuil,QC,CAN,CAN,71,202,-,-,-,-,-
2014,Michael Bournival,MTL,L,26,5/31/92,Shawinigan,QC,CAN,CAN,71,198,2010,COL,3,11,71
2014,Michael Chaput,CBJ,C,26,4/9/92,Ile Bizard,QC,CAN,CAN,74,199,2010,PHI,3,29,89
2014,Michael Del Zotto,"NSH, NYR",D,28,6/24/90,Stouffville,ON,CAN,CAN,72,201,2008,NYR,1,20,20
2014,Michael Frolik,WPG,R,30,2/17/88,Kladno,,CZE,CZE,73,190,2006,FLA,1,10,10
2014,Michael Grabner,NYI,R,31,10/5/87,Villach,,AUT,AUT,73,188,2006,VAN,1,14,14
2014,Michael Kostka,"CHI, T.B",D,33,11/28/85,Etobicoke,ON,CAN,CAN,73,210,-,-,-,-,-
2014,Michael Latta,WSH,C,27,5/25/91,Kitchener,ON,CAN,CAN,72,188,2009,NSH,3,11,72
2014,Michael Raffl,PHI,L,30,12/1/88,Villach,,AUT,AUT,72,200,-,-,-,-,-
2014,Michael Ryder,N.J,R,38,3/31/80,Bonavista,NL,CAN,CAN,73,200,1998,MTL,8,16,216
2014,Michael Stone,PHX,D,28,6/7/90,Winnipeg,MB,CAN,CAN,75,210,2008,PHX,3,8,69
2014,Michael Zalewski,VAN,L,26,8/18/92,New Hartford,NY,USA,USA,74,205,-,-,-,-,-
2014,Michal Handzus,CHI,C,41,3/11/77,Banská Bystrica,,SVK,SVK,77,215,1995,STL,4,23,101
2014,Michal Rozsival,CHI,D,40,9/3/78,Vlasim,,CZE,CZE,73,210,1996,PIT,4,25,105
2014,Mika Zibanejad,OTT,C,25,4/18/93,Huddinge,,SWE,SWE,74,213,2011,OTT,1,6,6
2014,Mikael Backlund,CGY,C,29,3/17/89,Vasteras,,SWE,SWE,73,200,2007,CGY,1,24,24
2014,Mikael Granlund,MIN,C,26,2/26/92,Oulu,,FIN,FIN,70,185,2010,MIN,1,9,9
2014,Mikael Samuelsson,DET,R,42,12/23/76,Mariefred,,SWE,SWE,74,218,1998,S.J,5,31,145
2014,Mike Blunden,MTL,R,32,12/15/86,Toronto,ON,CAN,CAN,76,217,2005,CHI,2,13,43
2014,Mike Brown,"EDM, S.J",R,33,6/24/85,Chicago,IL,USA,USA,71,205,2004,VAN,5,30,159
2014,Mike Cammalleri,CGY,L,36,6/8/82,Toronto,ON,CAN,CAN,69,185,2001,L.A,2,19,49
2014,Mike Fisher,NSH,C,38,6/5/80,Peterborough,ON,CAN,CAN,73,216,1998,OTT,2,17,44
2014,Mike Green,WSH,D,33,10/12/85,Calgary,AB,CAN,CAN,73,207,2004,WSH,1,29,29
2014,Mike Halmo,NYI,L,27,5/15/91,Waterloo,ON,CAN,CAN,70,188,-,-,-,-,-
2014,Mike Hoffman,OTT,L,29,11/24/89,Kitchener,ON,CAN,CAN,72,180,2009,OTT,5,9,130
2014,Mike Komisarek,CAR,D,37,1/19/82,West Islip,NY,USA,USA,76,235,2001,MTL,1,7,7
2014,Mike Mottau,FLA,D,40,3/19/78,Quincy,MA,USA,USA,72,195,1997,NYR,7,21,182
2014,Mike Ribeiro,PHX,C,38,2/10/80,Montreal,QC,CAN,CAN,72,179,1998,MTL,2,18,45
2014,Mike Richards,L.A,C,33,2/11/85,Kenora,ON,CAN,CAN,71,196,2003,PHI,1,24,24
2014,Mike Rupp,MIN,L,39,1/13/80,Cleveland,OH,USA,USA,77,235,2000,N.J,3,11,76
2014,Mike Santorelli,VAN,C,33,12/14/85,Vancouver,BC,CAN,CAN,72,189,2004,NSH,6,15,178
2014,Mike Sislo,N.J,R,31,1/20/88,Superior,WI,USA,USA,71,190,-,-,-,-,-
2014,Mike Weaver,"FLA, MTL",D,40,5/2/78,Brampton,ON,CAN,CAN,70,186,-,-,-,-,-
2014,Mike Weber,BUF,D,31,12/16/87,Pittsburgh,PA,USA,USA,74,188,2006,BUF,2,27,57
2014,Mikhail Grabovski,WSH,C,35,1/31/84,Potsdam,,DEU,BLR,71,186,2004,MTL,5,21,150
2014,Mikhail Grigorenko,BUF,C,24,5/16/94,Khabarovsk,,RUS,RUS,75,209,2012,BUF,1,12,12
2014,Mikkel Boedker,PHX,L,29,12/16/89,Brondby,,DNK,DNK,72,210,2008,PHX,1,8,8
2014,Mikko Koivu,MIN,C,35,3/12/83,Turku,,FIN,FIN,75,219,2001,MIN,1,6,6
2014,Milan Lucic,BOS,L,30,6/7/88,Vancouver,BC,CAN,CAN,75,231,2006,BOS,2,20,50
2014,Milan Michalek,OTT,L,34,12/7/84,Jindrichuv Hradec,,CZE,CZE,74,225,2003,S.J,1,6,6
2014,Mitch Callahan,DET,R,27,8/17/91,Whittier,CA,USA,USA,71,205,2009,DET,6,29,180
2014,Morgan Rielly,TOR,D,24,3/9/94,Vancouver,BC,CAN,CAN,73,221,2012,TOR,1,5,5
2014,Nail Yakupov,EDM,R,25,10/6/93,Nizhnekamsk,,RUS,RUS,71,195,2012,EDM,1,1,1
2014,Nate Guenin,COL,D,36,12/10/82,Aliquippa,PA,USA,USA,75,207,2002,NYR,4,31,127
2014,Nate Prosser,MIN,D,32,5/7/86,Elk River,MN,USA,USA,74,201,-,-,-,-,-
2014,Nate Schmidt,WSH,D,27,7/16/91,St. Cloud,MN,USA,USA,73,194,-,-,-,-,-
2014,Nate Thompson,T.B,C,34,10/5/84,Anchorage,AK,USA,USA,72,207,2003,BOS,6,16,183
2014,Nathan Beaulieu,MTL,D,26,12/5/92,Strathroy,ON,CAN,CAN,74,200,2011,MTL,1,17,17
2014,Nathan Gerbe,CAR,C,31,7/24/87,Oxford,MI,USA,USA,64,176,2005,BUF,5,17,142
2014,Nathan Horton,CBJ,R,33,5/29/85,Welland,ON,CAN,CAN,74,188,2003,FLA,1,3,3
2014,Nathan MacKinnon,COL,C,23,9/1/95,Halifax,NS,CAN,CAN,72,205,2013,COL,1,1,1
2014,Nazem Kadri,TOR,C,28,10/6/90,London,ON,CAN,CAN,72,192,2009,TOR,1,7,7
2014,Nick Bjugstad,FLA,C,26,7/17/92,Minneapolis,MN,USA,USA,78,215,2010,FLA,1,19,19
2014,Nick Bonino,ANA,C,30,4/20/88,Hartford,CT,USA,USA,73,196,2007,S.J,6,22,173
2014,Nick Drazenovic,PIT,C,32,1/14/87,Prince George,BC,CAN,CAN,72,192,2005,STL,6,9,171
2014,Nick Foligno,CBJ,L,31,10/31/87,Buffalo,NY,USA,USA,72,202,2006,OTT,1,28,28
2014,Nick Holden,COL,D,31,5/15/87,St. Albert,AB,CAN,CAN,76,214,-,-,-,-,-
2014,Nick Johnson,BOS,R,33,12/24/85,Calgary,AB,CAN,CAN,74,200,2004,PIT,3,2,67
2014,Nick Leddy,CHI,D,27,3/20/91,Eden Prairie,MN,USA,USA,72,207,2009,MIN,1,16,16
2014,Nick Schultz,"CBJ, EDM",D,36,8/25/82,Strasbourg,SK,CAN,CAN,73,203,2000,MIN,2,3,33
2014,Nick Spaling,NSH,C,30,9/19/88,Palmerston,ON,CAN,CAN,73,198,2007,NSH,2,28,58
2014,Nicklas Backstrom,WSH,C,31,11/23/87,Gävle,,SWE,SWE,73,210,2006,WSH,1,4,4
2014,Nicklas Grossmann,PHI,D,34,1/22/85,Stockholm,,SWE,SWE,76,230,2004,DAL,2,26,56
2014,Nicklas Jensen,VAN,R,25,3/6/93,Herning,,DNK,DNK,75,216,2011,VAN,1,29,29
2014,Nicolas Deschamps,WSH,C,29,1/6/90,LaSalle,QC,CAN,CAN,72,173,2008,ANA,2,5,35
2014,Nicolas Deslauriers,BUF,L,27,2/22/91,LaSalle,QC,CAN,CAN,73,221,2009,L.A,3,23,84
2014,Nikita Kucherov,T.B,R,25,6/17/93,Maykop,,RUS,RUS,71,178,2011,T.B,2,28,58
2014,Nikita Nikitin,CBJ,D,32,6/16/86,Omsk,,RUS,RUS,76,217,2004,STL,5,7,136
2014,Nikita Zadorov,BUF,D,23,4/16/95,Moscow,,RUS,RUS,77,230,2013,BUF,1,16,16
2014,Niklas Hjalmarsson,CHI,D,31,6/6/87,Eksjo,,SWE,SWE,75,197,2005,CHI,4,17,108
2014,Niklas Kronwall,DET,D,38,1/12/81,Stockholm,,SWE,SWE,72,194,2000,DET,1,29,29
2014,Nikolay Kulemin,TOR,L,32,7/14/86,Magnitogorsk,,RUS,RUS,73,228,2006,TOR,2,14,44
2014,Nino Niederreiter,MIN,R,26,9/8/92,Chur,,CHE,CHE,74,218,2010,NYI,1,5,5
2014,Nolan Yonkman,ANA,D,37,4/1/81,Punnichy,SK,CAN,CAN,78,247,1999,WSH,2,9,37
2014,Oliver Ekman-Larsson,PHX,D,27,7/17/91,Karlskrona,,SWE,SWE,74,200,2009,PHX,1,6,6
2014,Olli Jokinen,WPG,C,40,12/5/78,Kuopio,,FIN,FIN,74,210,1997,L.A,1,3,3
2014,Olli Maatta,PIT,D,24,8/22/94,Jyväskylä,,FIN,FIN,74,206,2012,PIT,1,22,22
2014,Ondrej Palat,T.B,L,27,3/28/91,Frydek-Mistek,,CZE,CZE,72,188,2011,T.B,7,27,208
2014,Oscar Klefbom,EDM,D,25,7/20/93,Karlstad,,SWE,SWE,75,216,2011,EDM,1,19,19
2014,P.K. Subban,MTL,D,29,5/13/89,Toronto,ON,CAN,CAN,72,210,2007,MTL,2,13,43
2014,PA Parenteau,COL,R,35,3/24/83,Hull,QC,CAN,CAN,72,200,2001,ANA,9,5,264
2014,Pascal Dupuis,PIT,R,39,4/7/79,Laval,QC,CAN,CAN,73,205,-,-,-,-,-
2014,Pascal Pelletier,VAN,L,35,6/16/83,Labrador City,NL,CAN,CAN,71,191,-,-,-,-,-
2014,Patric Hornqvist,NSH,R,32,1/1/87,Sollentuna,,SWE,SWE,71,189,2005,NSH,7,36,230
2014,Patrice Bergeron,BOS,C,33,7/24/85,Ancienne-Lorette,QC,CAN,CAN,73,195,2003,BOS,2,15,45
2014,Patrice Cormier,WPG,C,28,6/14/90,Moncton,NB,CAN,CAN,74,215,2008,N.J,2,24,54
2014,Patrick Bordeleau,COL,L,32,3/23/86,Montreal,QC,CAN,CAN,78,225,2004,MIN,4,16,114
2014,Patrick Dwyer,CAR,R,35,6/22/83,Spokane,WA,USA,USA,71,175,2002,ATL,4,20,116
2014,Patrick Eaves,"DET, NSH",R,34,5/1/84,Calgary,AB,CAN,USA,70,203,2003,OTT,1,29,29
2014,Patrick Holland,MTL,R,27,1/7/92,Lethbridge,AB,CAN,CAN,72,188,2010,CGY,7,13,193
2014,Patrick Kaleta,BUF,R,32,6/8/86,Buffalo,NY,USA,USA,73,198,2004,BUF,6,13,176
2014,Patrick Kane,CHI,R,30,11/19/88,Buffalo,NY,USA,USA,71,177,2007,CHI,1,1,1
2014,Patrick Marleau,S.J,"C, L",39,9/15/79,Aneroid,SK,CAN,CAN,74,218,1997,S.J,1,2,2
2014,Patrick Maroon,ANA,L,30,4/23/88,St. Louis,MO,USA,USA,75,225,2007,PHI,6,10,161
2014,Patrick Sharp,CHI,L,37,12/27/81,Winnipeg,MB,CAN,CAN,73,200,2001,PHI,3,32,95
2014,Patrick Wey,WSH,D,27,3/21/91,Pittsburgh,PA,USA,USA,74,200,2009,WSH,4,24,115
2014,Patrick Wiercioch,OTT,D,28,9/12/90,Burnaby,BC,CAN,CAN,77,202,2008,OTT,2,12,42
2014,Patrik Berglund,STL,C,30,6/2/88,Västerås,,SWE,SWE,76,215,2006,STL,1,25,25
2014,Patrik Elias,N.J,C,42,4/13/76,Trebic,,CZE,CZE,73,190,1994,N.J,2,25,51
2014,Patrik Nemeth,DAL,D,26,2/8/92,Stockholm,,SWE,SWE,75,219,2010,DAL,2,11,41
2014,Paul Bissonnette,PHX,L,33,3/11/85,Welland,ON,CAN,CAN,74,216,2003,PIT,4,20,121
2014,Paul Byron,CGY,L,29,4/27/89,Ottawa,ON,CAN,CAN,69,163,2007,BUF,6,28,179
2014,Paul Carey,COL,C,30,9/24/88,Boston,MA,USA,USA,73,200,2007,COL,5,14,135
2014,Paul Gaustad,NSH,C,37,2/3/82,Fargo,ND,USA,USA,77,227,2000,BUF,7,23,220
2014,Paul Martin,PIT,D,37,3/5/81,Minneapolis,MN,USA,USA,73,200,2000,N.J,2,32,62
2014,Paul Postma,WPG,D,29,2/22/89,Red Deer,AB,CAN,CAN,75,195,2007,ATL,7,24,205
2014,Paul Ranger,TOR,D,34,9/12/84,Whitby,ON,CAN,CAN,75,210,2002,T.B,6,17,183
2014,Paul Stastny,COL,C,33,12/27/85,Quebec City,QC,CAN,USA,72,193,2005,COL,2,14,44
2014,Pavel Datsyuk,DET,C,40,7/20/78,Sverdlovsk,,RUS,RUS,71,188,1998,DET,6,26,171
2014,Peter Harrold,N.J,D,35,6/8/83,Kirtland Hills,OH,USA,USA,71,180,-,-,-,-,-
2014,Peter Holland,"ANA, TOR",C,28,1/14/91,Toronto,ON,CAN,CAN,74,193,2009,ANA,1,15,15
2014,Peter LeBlanc,WSH,C,31,2/3/88,Hamilton,ON,CAN,CAN,69,195,2006,CHI,7,3,186
2014,Peter Regin,"CHI, NYI",C,32,4/16/86,Herning,,DNK,DNK,74,190,2004,OTT,3,22,87
2014,Petter Granberg,TOR,D,26,8/27/92,Gallivare,,SWE,SWE,75,200,2010,TOR,4,26,116
2014,Phil Kessel,TOR,R,31,10/2/87,Madison,WI,USA,USA,72,202,2006,BOS,1,5,5
2014,Phil Varone,BUF,C,28,12/4/90,Vaughan,ON,CAN,CAN,70,188,2009,S.J,5,26,147
2014,Philip Larsen,EDM,D,29,12/7/89,Esbjerg,,DNK,DNK,73,185,2008,DAL,5,28,149
2014,Philip Samuelsson,PIT,D,27,7/26/91,Leksand,,SWE,SWE,74,194,2009,PIT,2,31,61
2014,Pierre-Cedric Labrie,T.B,L,32,12/6/86,Baie-Comeau,QC,CAN,CAN,75,226,-,-,-,-,-
2014,Pierre-Luc Letourneau-Leblond,PIT,R,33,6/4/85,Levis,QC,CAN,CAN,73,218,2004,N.J,7,23,216
2014,Pierre-Marc Bouchard,NYI,C,34,4/27/84,Sherbrooke,QC,CAN,CAN,70,168,2002,MIN,1,8,8
2014,Quinton Howden,FLA,C,27,1/21/92,Winnipeg,MB,CAN,CAN,74,189,2010,FLA,1,25,25
2014,R.J. Umberger,CBJ,C,36,5/3/82,Pittsburgh,PA,USA,USA,74,214,2001,VAN,1,16,16
2014,Radek Dvorak,CAR,R,41,3/9/77,Tabor,,CZE,CZE,74,195,1995,FLA,1,10,10
2014,Radek Martinek,NYI,D,42,8/31/76,Havlickuv Brod,,CZE,CZE,72,205,1999,NYI,8,13,228
2014,Radim Vrbata,PHX,R,37,6/13/81,Mlada Boleslav,,CZE,CZE,73,194,1999,COL,7,26,212
2014,Radko Gudas,T.B,D,28,6/5/90,Prague,,CZE,CZE,72,204,2010,T.B,3,6,66
2014,Raffi Torres,S.J,L,37,10/8/81,Toronto,ON,CAN,CAN,72,215,2000,NYI,1,5,5
2014,Raphael Diaz,"MTL, NYR, VAN",D,33,1/9/86,Baar,,CHE,CHE,71,197,-,-,-,-,-
2014,Rasmus Ristolainen,BUF,D,24,10/27/94,Turku,,FIN,FIN,76,215,2013,BUF,1,8,8
2014,Ray Whitney,DAL,L,46,5/8/72,Fort Saskatchewan,AB,CAN,CAN,70,180,1991,S.J,2,1,23
2014,Reid Boucher,N.J,C,25,9/8/93,Lansing,MI,USA,USA,70,195,2011,N.J,4,8,99
2014,Reilly Smith,BOS,R,27,4/1/91,Toronto,ON,CAN,CAN,72,185,2009,DAL,3,8,69
2014,Rene Bourque,MTL,R,37,12/10/81,Lac La Biche,AB,CAN,CAN,74,217,-,-,-,-,-
2014,Rich Clune,NSH,L,31,4/25/87,Toronto,ON,CAN,CAN,70,207,2005,DAL,3,10,71
2014,Rich Peverley,DAL,C,36,7/8/82,Kingston,ON,CAN,CAN,71,195,-,-,-,-,-
2014,Richard Panik,T.B,R,27,2/7/91,Martin,,SVK,SVK,73,208,2009,T.B,2,22,52
2014,Rick Nash,NYR,R,34,6/16/84,Brampton,ON,CAN,CAN,76,211,2002,CBJ,1,1,1
2014,Rickard Rakell,ANA,C,25,5/5/93,Sundbyberg,,SWE,SWE,74,202,2011,ANA,1,30,30
2014,Riley Nash,CAR,C,29,5/9/89,Consort,AB,CAN,CAN,73,190,2007,EDM,1,21,21
2014,Riley Sheahan,DET,C,27,12/7/91,St. Catharines,ON,CAN,CAN,75,214,2010,DET,1,21,21
2014,Rob Klinkhammer,PHX,L,32,8/12/86,Lethbridge,AB,CAN,CAN,75,214,-,-,-,-,-
2014,Rob Scuderi,PIT,D,40,12/30/78,Syosset,NY,USA,USA,73,216,1998,PIT,5,20,134
2014,Robert Bortuzzo,PIT,D,29,3/18/89,Thunder Bay,ON,CAN,CAN,76,216,2007,PIT,3,17,78
2014,Robyn Regehr,L.A,D,38,4/19/80,Recife,,BRA,CAN,75,222,1998,COL,1,19,19
2014,Roman Horak,"CGY, EDM",C,27,5/21/91,Ceské Budejovice,,CZE,CZE,72,188,2009,NYR,5,6,127
2014,Roman Josi,NSH,D,28,6/1/90,Bern,,CHE,CHE,73,201,2008,NSH,2,8,38
2014,Roman Polak,STL,D,32,4/28/86,Ostrava,,CZE,CZE,74,240,2004,STL,6,17,180
2014,Ron Hainsey,CAR,D,37,3/24/81,Bolton,CT,USA,USA,75,205,2000,MTL,1,13,13
2014,Rostislav Klesla,PHX,D,36,3/21/82,Novy Jicin,,CZE,CZE,75,215,2000,CBJ,1,4,4
2014,Rostislav Olesz,N.J,L,33,10/10/85,Bilovec,,CZE,CZE,74,215,2004,FLA,1,7,7
2014,Ryan Callahan,"NYR, T.B",R,33,3/21/85,Rochester,NY,USA,USA,70,187,2004,NYR,4,29,127
2014,Ryan Carter,N.J,L,35,8/3/83,White Bear Lake,MN,USA,USA,73,205,-,-,-,-,-
2014,Ryan Craig,CBJ,C,37,1/6/82,Abbotsford,BC,CAN,CAN,74,213,2002,T.B,8,26,255
2014,Ryan Ellis,NSH,D,28,1/3/91,Hamilton,ON,CAN,CAN,70,180,2009,NSH,1,11,11
2014,Ryan Garbutt,DAL,C,33,8/12/85,Edmonton,AB,CAN,CAN,72,195,-,-,-,-,-
2014,Ryan Getzlaf,ANA,C,33,5/10/85,Regina,SK,CAN,CAN,76,225,2003,ANA,1,19,19
2014,Ryan Hamilton,EDM,L,33,4/15/85,Oshawa,ON,CAN,CAN,74,219,-,-,-,-,-
2014,Ryan Johansen,CBJ,C,26,7/31/92,Vancouver,BC,CAN,CAN,75,218,2010,CBJ,1,4,4
2014,Ryan Jones,EDM,L,34,6/14/84,Chatham,ON,CAN,CAN,73,208,2004,MIN,4,13,111
2014,Ryan Kesler,VAN,C,34,8/31/84,Livonia,MI,USA,USA,74,206,2003,VAN,1,23,23
2014,Ryan Malone,T.B,L,39,12/1/79,Pittsburgh,PA,USA,USA,76,224,1999,PIT,4,19,115
2014,Ryan McDonagh,NYR,D,29,6/13/89,St. Paul,MN,USA,USA,73,215,2007,MTL,1,12,12
2014,Ryan Murphy,CAR,D,25,3/31/93,Aurora,ON,CAN,CAN,71,181,2011,CAR,1,12,12
2014,Ryan Murray,CBJ,D,25,9/27/93,Regina,SK,CAN,CAN,73,205,2012,CBJ,1,2,2
2014,Ryan Nugent-Hopkins,EDM,C,25,4/12/93,Burnaby,BC,CAN,CAN,72,184,2011,EDM,1,1,1
2014,Ryan O'Reilly,COL,C,27,2/7/91,Clinton,ON,CAN,CAN,73,216,2009,COL,2,3,33
2014,Ryan Reaves,STL,R,32,1/20/87,Winnipeg,MB,CAN,CAN,73,225,2005,STL,5,31,156
2014,Ryan Smyth,EDM,L,42,2/21/76,Banff,AB,CAN,CAN,74,191,1994,EDM,1,6,6
2014,Ryan Spooner,BOS,C,27,1/30/92,Ottawa,ON,CAN,CAN,70,191,2010,BOS,2,15,45
2014,Ryan Sproul,DET,D,26,1/13/93,Mississauga,ON,CAN,CAN,76,205,2011,DET,2,25,55
2014,Ryan Stanton,VAN,D,29,7/20/89,St. Albert,AB,CAN,CAN,73,205,-,-,-,-,-
2014,Ryan Stoa,WSH,C,31,4/13/87,Bloomington,MN,USA,USA,75,200,2005,COL,2,4,34
2014,Ryan Strome,NYI,R,25,7/11/93,Mississauga,ON,CAN,CAN,73,194,2011,NYI,1,5,5
2014,Ryan Suter,MIN,D,34,1/21/85,Madison,WI,USA,USA,74,208,2003,NSH,1,7,7
2014,Ryan White,MTL,C,30,3/17/88,Brandon,MB,CAN,CAN,72,200,2006,MTL,3,3,66
2014,Ryan Whitney,FLA,D,35,2/19/83,Boston,MA,USA,USA,76,209,2002,PIT,1,5,5
2014,Ryan Wilson,COL,D,32,2/3/87,Windsor,ON,CAN,CAN,73,210,-,-,-,-,-
2014,Ryane Clowe,N.J,L,36,9/30/82,St. John's,NL,CAN,CAN,75,188,2001,S.J,6,10,175
2014,Saku Koivu,ANA,C,44,11/23/74,Turku,,FIN,FIN,70,181,1993,MTL,1,21,21
2014,Sam Gagner,EDM,C,29,8/10/89,London,ON,CAN,CAN,71,200,2007,EDM,1,6,6
2014,Sami Salo,T.B,D,44,9/2/74,Turku,,FIN,FIN,75,215,1996,OTT,9,24,239
2014,Sami Vatanen,ANA,D,27,6/3/91,Jyväskylä,,FIN,FIN,70,185,2009,ANA,4,15,106
2014,Scott Gomez,FLA,C,39,12/23/79,Anchorage,AK,USA,USA,71,200,1998,N.J,1,27,27
2014,Scott Hannan,S.J,D,40,1/23/79,Richmond,BC,CAN,CAN,73,215,1997,S.J,1,23,23
2014,Scott Hartnell,PHI,L,36,4/18/82,Regina,SK,CAN,CAN,74,215,2000,NSH,1,6,6
2014,Scott Mayfield,NYI,D,26,10/14/92,St. Louis,MO,USA,USA,76,223,2011,NYI,2,4,34
2014,Scottie Upshall,FLA,R,35,10/7/83,Fort McMurray,AB,CAN,CAN,72,200,2002,NSH,1,6,6
2014,Sean Bergenheim,FLA,L,34,2/8/84,Helsinki,,FIN,FIN,71,201,2002,NYI,1,22,22
2014,Sean Collins,CBJ,C,30,12/29/88,Saskatoon,SK,CAN,CAN,73,198,2008,CBJ,7,6,187
2014,Sean Couturier,PHI,C,26,12/7/92,Phoenix,AZ,USA,CAN,75,211,2011,PHI,1,8,8
2014,Sean Monahan,CGY,C,24,10/12/94,Brampton,ON,CAN,CAN,75,200,2013,CGY,1,6,6
2014,Sergei Gonchar,DAL,D,44,4/13/74,Chelyabinsk,,RUS,RUS,74,210,1992,WSH,1,14,14
2014,Seth Jones,NSH,D,24,10/3/94,Arlington,TX,USA,USA,76,210,2013,NSH,1,4,4
2014,Shane Doan,PHX,R,42,10/10/76,Halkirk,AB,CAN,CAN,73,223,1995,WIN,1,7,7
2014,Shane O'Brien,CGY,D,35,8/9/83,Port Hope,ON,CAN,CAN,75,230,2003,ANA,8,21,250
2014,Shawn Horcoff,DAL,C,40,9/17/78,Trail,BC,CAN,CAN,73,210,1998,EDM,4,13,99
2014,Shawn Matthias,"FLA, VAN",L,30,2/19/88,Mississauga,ON,CAN,CAN,76,231,2006,DET,2,17,47
2014,Shawn Thornton,BOS,L,41,7/23/77,Oshawa,ON,CAN,CAN,74,217,1997,TOR,7,29,190
2014,Shea Weber,NSH,D,33,8/14/85,Sicamous,BC,CAN,CAN,76,229,2003,NSH,2,19,49
2014,Sheldon Brookbank,CHI,D,38,10/3/80,Lanigan,SK,CAN,CAN,73,202,-,-,-,-,-
2014,Sidney Crosby,PIT,C,31,8/7/87,Cole Harbour,NS,CAN,CAN,71,200,2005,PIT,1,1,1
2014,Simon Despres,PIT,D,27,7/27/91,Laval,QC,CAN,CAN,76,218,2009,PIT,1,30,30
2014,Simon Moser,NSH,C,29,3/10/89,Bern,,CHE,CHE,74,188,-,-,-,-,-
2014,Slava Voynov,L.A,D,29,1/15/90,Chelyabinsk,,RUS,RUS,72,194,2008,L.A,2,2,32
2014,Spencer Abbott,TOR,L,30,4/30/88,Hamilton,ON,CAN,CAN,69,170,-,-,-,-,-
2014,Stefan Elliott,COL,D,28,1/30/91,Vancouver,BC,CAN,CAN,73,190,2009,COL,2,19,49
2014,Stephane Da Costa,OTT,C,29,7/11/89,Paris,,FRA,FRA,71,180,-,-,-,-,-
2014,Stephane Robidas,"ANA, DAL",D,41,3/3/77,Sherbrooke,QC,CAN,CAN,71,190,1995,MTL,7,8,164
2014,Stephane Veilleux,MIN,L,37,11/16/81,Beauceville,QC,CAN,CAN,73,200,2001,MIN,3,30,93
2014,Stephen Gionta,N.J,R,35,10/9/83,Rochester,NY,USA,USA,67,177,-,-,-,-,-
2014,Stephen Weiss,DET,C,35,4/3/83,Toronto,ON,CAN,CAN,71,190,2001,FLA,1,4,4
2014,Steve Bernier,N.J,R,33,3/31/85,Quebec City,QC,CAN,CAN,75,222,2003,S.J,1,16,16
2014,Steve Downie,"COL, PHI",R,31,4/3/87,Newmarket,ON,CAN,CAN,71,191,2005,PHI,1,29,29
2014,Steve Oleksy,WSH,D,33,2/4/86,Chesterfield,MI,USA,USA,72,188,-,-,-,-,-
2014,Steve Ott,"BUF, STL",C,36,8/19/82,Summerside,PE,CAN,CAN,72,193,2000,DAL,1,25,25
2014,Steven Pinizzotto,EDM,R,34,4/26/84,Mississauga,ON,CAN,CAN,73,205,-,-,-,-,-
2014,Steven Stamkos,T.B,C,28,2/7/90,Markham,ON,CAN,CAN,73,194,2008,T.B,1,1,1
2014,Sven Baertschi,CGY,L,26,10/5/92,Bern,,CHE,CHE,71,190,2011,CGY,1,13,13
2014,T.J. Oshie,STL,R,32,12/23/86,Everett,WA,USA,USA,71,195,2005,STL,1,24,24
2014,Tanner Glass,PIT,L,35,11/29/83,Regina,SK,CAN,CAN,73,213,2003,FLA,9,4,265
2014,Tanner Pearson,L.A,L,26,8/10/92,Kitchener,ON,CAN,CAN,73,201,2012,L.A,1,30,30
2014,Taylor Beck,NSH,L,27,5/13/91,St. Catharines,ON,CAN,CAN,74,203,2009,NSH,3,9,70
2014,Taylor Fedun,EDM,D,30,6/4/88,Edmonton,AB,CAN,CAN,73,201,-,-,-,-,-
2014,Taylor Hall,EDM,L,27,11/14/91,Calgary,AB,CAN,CAN,73,205,2010,EDM,1,1,1
2014,Taylor Pyatt,"NYR, PIT",L,37,8/19/81,Thunder Bay,ON,CAN,CAN,76,230,1999,NYI,1,8,8
2014,Teddy Purcell,T.B,L,33,9/8/85,St. John's,NL,CAN,CAN,74,195,-,-,-,-,-
2014,Teemu Pulkkinen,DET,L,27,1/2/92,Vantaa,,FIN,FIN,70,185,2010,DET,4,21,111
2014,Teemu Selanne,ANA,R,48,7/3/70,Helsinki,,FIN,FIN,72,209,1988,WIN,1,10,10
2014,Teuvo Teravainen,CHI,L,24,9/11/94,Helsinki,,FIN,FIN,71,191,2012,CHI,1,18,18
2014,Thomas Hickey,NYI,D,29,2/8/89,Calgary,AB,CAN,CAN,72,183,2007,L.A,1,4,4
2014,Thomas Vanek,"BUF, MTL, NYI",L,35,1/19/84,Vienna,,AUT,AUT,74,214,2003,BUF,1,5,5
2014,Tim Erixon,CBJ,D,27,2/24/91,Port Chester,NY,USA,SWE,74,200,2009,CGY,1,23,23
2014,Tim Gleason,"CAR, TOR",D,36,1/29/83,Clawson,MI,USA,USA,72,217,2001,OTT,1,23,23
2014,Tim Jackman,"ANA, CGY",R,37,11/14/81,Minot,ND,USA,USA,74,188,2001,CBJ,2,8,38
2014,Tim Kennedy,PHX,L,32,4/30/86,Buffalo,NY,USA,USA,70,175,2005,WSH,6,19,181
2014,Tim Sestito,N.J,L,34,8/28/84,Rome,NY,USA,USA,71,195,-,-,-,-,-
2014,TJ Brodie,CGY,D,28,6/7/90,Chatham,ON,CAN,CAN,73,185,2008,CGY,4,23,114
2014,TJ Galiardi,CGY,L,30,4/22/88,Calgary,AB,CAN,CAN,74,185,2007,COL,2,25,55
2014,Toby Enstrom,WPG,D,34,11/5/84,Nordingra,,SWE,SWE,70,180,2003,ATL,8,10,239
2014,Todd Bertuzzi,DET,R,44,2/2/75,Sudbury,ON,CAN,CAN,75,229,1993,NYI,1,23,23
2014,Tom Gilbert,FLA,D,36,1/10/83,Bloomington,MN,USA,USA,74,210,2002,COL,4,33,129
2014,Tom Pyatt,T.B,L,31,2/14/87,Thunder Bay,ON,CAN,CAN,71,185,2005,NYR,4,16,107
2014,Tom Sestito,VAN,L,31,9/28/87,Rome,NY,USA,USA,77,228,2006,CBJ,3,22,85
2014,Tom Wilson,WSH,R,24,3/29/94,Toronto,ON,CAN,CAN,76,218,2012,WSH,1,16,16
2014,Tomas Fleischmann,FLA,L,34,5/16/84,Koprivnice,,CZE,CZE,73,192,2002,DET,2,33,63
2014,Tomas Hertl,S.J,C,25,11/12/93,Praha,,CZE,CZE,74,215,2012,S.J,1,17,17
2014,Tomas Jurco,DET,L,26,12/28/92,Kosice,,SVK,SVK,74,188,2011,DET,2,5,35
2014,Tomas Kopecky,FLA,R,36,2/5/82,Ilava,,SVK,SVK,75,210,2000,DET,2,8,38
2014,Tomas Plekanec,MTL,C,36,10/31/82,Kladno,,CZE,CZE,71,190,2001,MTL,3,8,71
2014,Tomas Tatar,DET,L,28,12/1/90,Ilava,,SVK,SVK,70,182,2009,DET,2,30,60
2014,Tommy Wingels,S.J,C,30,4/12/88,Evanston,IL,USA,USA,72,200,2008,S.J,6,26,177
2014,Torey Krug,BOS,D,27,4/12/91,Livonia,MI,USA,USA,69,186,-,-,-,-,-
2014,Torrey Mitchell,"BUF, MIN",C,34,1/30/85,Greenfield Park,QC,CAN,CAN,71,186,2004,S.J,4,28,126
2014,Travis Hamonic,NYI,D,28,8/16/90,St. Malo,MB,CAN,CAN,74,205,2008,NYI,2,23,53
2014,Travis Moen,MTL,L,36,4/6/82,Stewart Valley,SK,CAN,CAN,74,215,2000,CGY,5,25,155
2014,Travis Morin,DAL,C,35,1/9/84,Minneapolis,MN,USA,USA,73,200,2004,WSH,9,5,263
2014,Travis Zajac,N.J,C,33,5/13/85,Winnipeg,MB,CAN,CAN,74,185,2004,N.J,1,20,20
2014,Trevor Daley,DAL,D,35,10/9/83,Toronto,ON,CAN,CAN,71,195,2002,DAL,2,13,43
2014,Trevor Lewis,L.A,C,32,1/8/87,Salt Lake City,UT,USA,USA,73,202,2006,L.A,1,17,17
2014,Trevor Smith,TOR,C,33,2/8/85,Ottawa,ON,CAN,CAN,73,195,-,-,-,-,-
2014,Troy Bodie,TOR,R,34,1/25/85,Portage La Prairie,MB,CAN,CAN,77,226,2003,EDM,9,17,278
2014,Troy Brouwer,WSH,R,33,8/17/85,Vancouver,BC,CAN,CAN,75,213,2004,CHI,7,21,214
2014,Tuomo Ruutu,"CAR, N.J",L,35,2/16/83,Vantaa,,FIN,FIN,72,200,2001,CHI,1,9,9
2014,Ty Rattie,STL,R,25,2/5/93,Calgary,AB,CAN,CAN,71,183,2011,STL,2,2,32
2014,Tye McGinn,PHI,L,28,7/29/90,Fergus,ON,CAN,CAN,75,218,2010,PHI,4,29,119
2014,Tyler Bozak,TOR,C,32,3/19/86,Regina,SK,CAN,CAN,73,199,-,-,-,-,-
2014,Tyler Ennis,BUF,"C, L",29,10/6/89,Edmonton,AB,CAN,CAN,69,161,2008,BUF,1,26,26
2014,Tyler Johnson,T.B,C,28,7/29/90,Spokane,WA,USA,USA,68,183,-,-,-,-,-
2014,Tyler Kennedy,S.J,C,32,7/15/86,Sault Ste. Marie,ON,CAN,CAN,71,185,2004,PIT,4,1,99
2014,Tyler Myers,BUF,D,29,2/1/90,Houston,TX,USA,CAN,80,229,2008,BUF,1,12,12
2014,Tyler Pitlick,EDM,R,27,11/1/91,Minneapolis,MN,USA,USA,74,200,2010,EDM,2,1,31
2014,Tyler Seguin,DAL,C,27,1/31/92,Brampton,ON,CAN,CAN,73,200,2010,BOS,1,2,2
2014,Tyler Toffoli,L.A,C,26,4/24/92,Scarborough,ON,CAN,CAN,72,197,2010,L.A,2,17,47
2014,Tyler Wotherspoon,CGY,D,25,3/12/93,Burnaby,BC,CAN,CAN,74,207,2011,CGY,2,27,57
2014,Tyson Barrie,COL,D,27,7/26/91,Victoria,BC,CAN,CAN,70,190,2009,COL,3,3,64
2014,Tyson Strachan,WSH,D,34,10/30/84,Melfort,SK,CAN,CAN,75,210,2003,CAR,5,1,137
2014,Valeri Nichushkin,DAL,R,23,3/4/95,Chelyabinsk,,RUS,RUS,76,210,2013,DAL,1,10,10
2014,Valtteri Filppula,T.B,C,34,3/20/84,Vantaa,,FIN,FIN,72,196,2002,DET,3,32,95
2014,Vernon Fiddler,DAL,C,38,5/9/80,Edmonton,AB,CAN,CAN,71,205,-,-,-,-,-
2014,Victor Bartley,NSH,D,30,2/17/88,Ottawa,ON,CAN,CAN,72,217,-,-,-,-,-
2014,Victor Hedman,T.B,D,28,12/18/90,Ornskoldsvik,,SWE,SWE,78,223,2009,T.B,1,2,2
2014,Viktor Stalberg,NSH,L,33,1/17/86,Gothenburg,,SWE,SWE,75,209,2006,TOR,6,8,161
2014,Ville Leino,BUF,L,35,10/6/83,Savonlinna,,FIN,FIN,73,182,-,-,-,-,-
2014,Vincent Lecavalier,PHI,C,38,4/21/80,Ile Bizard,QC,CAN,CAN,76,215,1998,T.B,1,1,1
2014,Vincent Trocheck,FLA,C,25,7/11/93,Pittsburgh,PA,USA,USA,70,186,2011,FLA,3,3,64
2014,Vladimir Sobotka,STL,L,31,7/2/87,Trebic,,CZE,CZE,70,189,2005,BOS,4,15,106
2014,Vladimir Tarasenko,STL,R,27,12/13/91,Yaroslavl,,RUS,RUS,72,225,2010,STL,1,16,16
2014,Vladislav Namestnikov,T.B,C,26,11/22/92,Zhukovskiy,,RUS,RUS,71,184,2011,T.B,1,27,27
2014,Wayne Simmonds,PHI,R,30,8/26/88,Scarborough,ON,CAN,CAN,74,185,2007,L.A,2,31,61
2014,Will Acton,EDM,C,31,7/16/87,Edina,MN,USA,USA,75,202,-,-,-,-,-
2014,Willie Mitchell,L.A,D,41,4/23/77,Port McNeill,BC,CAN,CAN,75,210,1996,N.J,8,10,199
2014,Xavier Ouellet,DET,D,25,7/29/93,Bayonne,,FRA,FRA,73,196,2011,DET,2,18,48
2014,Yann Sauve,VAN,D,28,2/18/90,Montreal,QC,CAN,CAN,75,209,2008,VAN,2,11,41
2014,Yannick Weber,VAN,D,30,9/23/88,Morges,,CHE,CHE,71,200,2007,MTL,3,12,73
2014,Zac Dalpe,VAN,C,29,11/1/89,Paris,ON,CAN,CAN,74,194,2008,CAR,2,15,45
2014,Zac Rinaldo,PHI,C,28,6/15/90,Mississauga,ON,CAN,CAN,70,192,2008,PHI,6,27,178
2014,Zach Bogosian,WPG,D,28,7/15/90,Massena,NY,USA,USA,75,226,2008,ATL,1,3,3
2014,Zach Boychuk,CAR,L,29,10/4/89,Airdrie,AB,CAN,CAN,70,185,2008,CAR,1,14,14
2014,Zach Parise,MIN,L,34,7/28/84,Minneapolis,MN,USA,USA,71,193,2003,N.J,1,17,17
2014,Zach Redmond,WPG,D,30,7/26/88,Traverse City,MI,USA,USA,74,212,2008,ATL,7,3,184
2014,Zach Sill,PIT,C,30,5/24/88,Truro,NS,CAN,CAN,72,214,-,-,-,-,-
2014,Zach Trotman,BOS,D,28,8/26/90,Carmel,IN,USA,USA,75,217,2010,BOS,7,30,210
2014,Zack Kassian,VAN,R,28,1/24/91,Windsor,ON,CAN,CAN,75,211,2009,BUF,1,13,13
2014,Zack Smith,OTT,C,30,4/5/88,Maple Creek,SK,CAN,CAN,74,208,2008,OTT,3,18,79
2014,Zbynek Michalek,PHX,D,36,12/23/82,Jindrichuv Hradec,,CZE,CZE,74,210,-,-,-,-,-
2014,Zdeno Chara,BOS,D,41,3/18/77,Trencin,,SVK,SVK,81,250,1996,NYI,3,4,56
2014,Zemgus Girgensons,BUF,C,25,1/5/94,Riga,,LVA,LVA,74,211,2012,BUF,1,14,14
2014,Zenon Konopka,"BUF, MIN",C,38,1/2/81,Niagara on the Lake,ON,CAN,CAN,72,213,-,-,-,-,-
