Year,Player,Team,Position,GP,PKTOI,PKGoals,PKTotal_Assists,PKFirst_Assists,PKSecond_Assists,PKTotal_Points,PKShots,PKSHPer,PKiCF,PKiFF,PKiSCF,PKiHDCF,PKRush_Attempts,PKRebounds_Created,PKPIM,PKTotal_Penalties,PKMinor,PKMajor,PKMisconduct,PKPenalties_Drawn,PKGiveaways,PKTakeaways,PKHits,PKHits_Taken,PKShots_Blocked,PKFaceoffs_Won,PKFaceoffs_Lost,PKFaceoffs_Per
2017,Kevin Hayes,NYR,"C, R",76,108.1,1,6,6,0,7,11,9.09,14,12,6,1,0,1,2,1,1,0,0,2,0,7,1,3,2,52,58,47.27
2017,Viktor Arvidsson,NSH,L,80,84.33333333,5,2,2,0,7,12,41.67,18,17,10,6,5,0,0,0,0,0,0,3,2,4,2,1,8,0,0,-
2017,Derek MacKenzie,FLA,C,82,184.8333333,2,3,3,0,5,13,15.38,14,14,10,2,2,0,2,1,1,0,0,3,4,7,7,3,13,81,113,41.75
2017,Brad Marchand,BOS,"C, L",80,151.3833333,3,2,1,1,5,13,23.08,17,16,14,8,3,0,16,4,3,0,1,8,5,13,4,13,7,0,1,0
2017,Elias Lindholm,CAR,C,72,90.16666667,1,4,3,1,5,3,33.33,6,4,5,1,1,0,2,1,1,0,0,2,3,13,3,1,8,30,24,55.56
2017,Dominic Moore,BOS,C,82,159.9333333,3,1,0,1,4,12,25,15,14,9,5,2,1,0,0,0,0,0,8,2,4,4,3,8,50,59,45.87
2017,Andrew Cogliano,ANA,"C, L",82,145.5833333,3,1,1,0,4,19,15.79,25,23,15,8,4,2,2,1,1,0,0,1,2,5,2,0,5,3,3,50
2017,Colton Sceviour,FLA,C,80,160.7833333,3,1,1,0,4,26,11.54,29,27,16,10,4,1,4,2,2,0,0,5,4,7,0,7,16,3,7,30
2017,Zack Smith,OTT,C,74,145.45,4,0,0,0,4,13,30.77,26,21,12,5,2,0,6,3,3,0,0,7,5,8,5,5,7,52,54,49.06
2017,Matt Calvert,CBJ,L,65,110.2333333,3,1,1,0,4,13,23.08,16,15,12,8,2,0,2,1,1,0,0,3,0,8,2,2,12,1,1,50
2017,Zach Hyman,TOR,C,82,227.7833333,4,0,0,0,4,18,22.22,25,23,20,8,1,2,6,3,3,0,0,2,5,13,8,19,18,7,13,35
2017,Mikael Granlund,MIN,C,81,122.8333333,3,1,1,0,4,6,50,9,7,5,2,1,0,0,0,0,0,0,1,1,7,1,5,14,0,1,0
2017,J.T. Miller,NYR,"C, L",82,102.7333333,3,1,0,1,4,10,30,16,12,10,10,1,0,2,1,1,0,0,0,1,7,3,2,11,7,16,30.43
2017,Joel Armia,WPG,R,57,104.95,4,0,0,0,4,9,44.44,13,10,8,5,2,1,2,1,1,0,0,1,1,12,7,5,10,2,2,50
2017,Jaccob Slavin,CAR,D,82,255.55,1,3,1,2,4,5,20,7,6,1,1,0,0,0,0,0,0,0,0,11,7,4,6,40,0,0,-
2017,Ron Hainsey,"CAR, PIT",D,72,217.75,1,2,1,1,3,5,20,7,5,3,1,1,0,2,1,1,0,0,3,3,4,7,1,24,0,0,-
2017,Ryan Getzlaf,ANA,C,74,124.35,2,1,1,0,3,5,40,11,9,7,1,1,0,2,1,1,0,0,2,1,11,8,4,10,23,30,43.4
2017,Patrice Bergeron,BOS,C,79,169.6333333,0,3,2,1,3,5,0,10,8,5,1,0,0,2,1,1,0,0,0,1,14,1,1,11,107,120,47.14
2017,Brad Richardson,ARI,R,16,32.4,2,1,1,0,3,5,40,7,6,4,2,1,1,0,0,0,0,0,2,0,3,0,1,0,24,22,52.17
2017,Mark Giordano,CGY,D,81,265.7166667,2,1,0,1,3,5,40,7,6,4,2,1,0,6,3,3,0,0,2,9,9,9,3,45,0,0,-
2017,Blake Wheeler,WPG,R,82,114.8333333,2,1,1,0,3,7,28.57,13,10,7,5,2,0,2,1,1,0,0,5,3,5,0,2,8,1,6,14.29
2017,T.J. Oshie,WSH,R,68,68.28333333,1,2,1,1,3,10,10,12,12,9,6,2,1,2,1,1,0,0,1,3,6,3,1,5,1,4,20
2017,Michael Grabner,NYR,R,76,127.6666667,1,2,1,1,3,19,5.26,30,27,18,9,5,1,0,0,0,0,0,3,2,10,3,1,8,3,6,33.33
2017,Michael Frolik,CGY,R,82,169.8833333,2,1,1,0,3,13,15.38,19,17,9,3,1,2,4,2,2,0,0,1,8,5,1,0,10,3,3,50
2017,Mark Letestu,EDM,C,78,166.6333333,2,1,1,0,3,6,33.33,12,8,6,5,2,0,0,0,0,0,0,1,0,5,2,1,11,80,93,46.24
2017,Riley Nash,BOS,C,81,156.1333333,1,2,2,0,3,8,12.5,11,8,8,1,1,1,4,2,2,0,0,1,5,5,0,2,6,28,40,41.18
2017,Mikael Backlund,CGY,C,81,183.3,0,3,3,0,3,20,0,26,23,14,5,5,1,2,1,1,0,0,2,2,17,2,3,11,115,150,43.4
2017,Jay Beagle,WSH,C,81,224.05,1,2,2,0,3,19,5.26,22,21,15,8,2,1,2,1,1,0,0,2,3,5,1,4,17,151,120,55.72
2017,Adam Henrique,N.J,C,82,186.6,2,1,1,0,3,7,28.57,12,7,6,5,1,1,0,0,0,0,0,3,3,9,2,2,18,66,75,46.81
2017,Cam Atkinson,CBJ,R,82,128,3,0,0,0,3,8,37.5,10,9,7,3,0,1,2,1,1,0,0,2,2,8,4,0,5,1,0,100
2017,Ryan Ellis,NSH,D,71,185.1666667,1,2,1,1,3,7,14.29,8,7,6,3,4,0,0,0,0,0,0,3,5,9,4,3,25,0,0,-
2017,Calle Jarnkrok,NSH,C,81,143.7333333,1,2,2,0,3,2,50,4,3,2,2,0,0,0,0,0,0,0,2,3,3,1,0,3,50,80,38.46
2017,Filip Forsberg,NSH,L,82,119.6166667,3,0,0,0,3,5,60,9,9,4,0,1,0,2,1,1,0,0,1,2,14,4,3,6,0,1,0
2017,Jordan Martinook,ARI,L,77,173.9333333,1,2,2,0,3,6,16.67,9,7,5,3,3,0,0,0,0,0,0,1,3,7,2,1,19,77,105,42.31
2017,Matt Cullen,PIT,C,72,168.2,2,0,0,0,2,13,15.38,20,18,14,4,1,0,4,2,2,0,0,1,7,5,4,4,9,73,110,39.89
2017,Zdeno Chara,BOS,D,75,281.45,2,0,0,0,2,10,20,14,12,5,1,0,0,2,1,1,0,0,8,14,9,28,5,36,0,0,-
2017,Brian Gionta,BUF,R,82,152,1,1,1,0,2,8,12.5,12,9,5,2,1,0,2,1,1,0,0,1,2,8,1,2,6,4,8,33.33
2017,Joel Ward,S.J,R,78,107.3333333,2,0,0,0,2,7,28.57,9,9,6,3,0,0,0,0,0,0,0,2,1,6,3,4,13,27,52,34.18
2017,Mikko Koivu,MIN,C,80,146.95,0,2,2,0,2,1,0,4,3,2,2,0,0,0,0,0,0,0,0,3,7,2,2,13,125,132,48.64
2017,Dan Hamhuis,DAL,D,79,159.8333333,0,2,1,1,2,4,0,6,6,1,1,0,1,0,0,0,0,0,0,2,5,12,1,15,0,0,-
2017,Tomas Plekanec,MTL,C,78,154.2,2,0,0,0,2,7,28.57,11,10,7,5,2,0,4,2,2,0,0,1,4,8,6,1,5,73,114,39.04
2017,Scottie Upshall,STL,R,73,129.35,2,0,0,0,2,3,66.67,4,3,2,2,1,0,6,3,3,0,0,4,2,4,3,1,8,2,6,25
2017,Frans Nielsen,DET,C,79,150.7833333,2,0,0,0,2,7,28.57,16,11,6,5,0,0,0,0,0,0,0,3,0,6,7,3,12,66,89,42.58
2017,Matt Stajan,CGY,C,81,145,0,2,0,2,2,6,0,7,7,7,6,1,2,0,0,0,0,0,4,3,6,1,3,11,58,63,47.93
2017,Johnny Boychuk,NYI,D,66,137.5833333,1,1,1,0,2,5,20,5,5,0,0,1,0,2,1,1,0,0,1,9,1,17,2,17,1,0,100
2017,Eric Staal,MIN,C,82,112.1833333,1,1,1,0,2,10,10,16,12,9,3,1,1,2,1,1,0,0,2,0,6,0,1,8,32,34,48.48
2017,Ryan Suter,MIN,D,82,191.1333333,1,1,0,1,2,4,25,5,5,3,1,2,0,2,1,1,0,0,0,4,5,6,1,13,0,0,-
2017,Shea Weber,MTL,D,78,229.8,0,2,1,1,2,6,0,7,6,1,0,0,0,2,1,1,0,0,0,16,4,9,3,37,0,0,-
2017,Dustin Byfuglien,WPG,D,80,188.1,0,2,1,1,2,5,0,13,11,4,3,2,0,8,4,4,0,0,3,15,12,15,4,18,0,0,-
2017,Travis Zajac,N.J,C,80,185.85,1,1,1,0,2,4,25,6,5,5,1,2,0,0,0,0,0,0,0,2,9,2,5,5,85,83,50.6
2017,Alex Goligoski,ARI,D,82,204.1,1,1,1,0,2,2,50,3,3,2,1,0,0,4,2,2,0,0,3,7,2,12,3,31,0,0,-
2017,Troy Brouwer,CGY,R,74,116.55,1,1,1,0,2,2,50,4,3,2,1,0,0,4,2,2,0,0,3,1,6,6,3,6,7,20,25.93
2017,Daniel Winnik,WSH,L,72,181.6833333,2,0,0,0,2,18,11.11,21,19,12,8,0,2,2,1,1,0,0,8,3,12,4,7,14,0,6,0
2017,Tom Pyatt,OTT,"C, L",82,174.0666667,0,2,2,0,2,6,0,14,9,7,2,0,0,0,0,0,0,0,4,5,9,1,3,20,4,2,66.67
2017,Dan Girardi,NYR,D,63,141.75,1,1,0,1,2,1,100,1,1,0,0,0,0,0,0,0,0,0,1,4,2,4,3,24,0,0,-
2017,Leo Komarov,TOR,C,82,177.5,1,1,1,0,2,9,11.11,10,10,6,4,2,0,13,4,3,1,0,2,4,8,18,3,14,64,75,46.04
2017,Viktor Stalberg,"CAR, OTT",L,75,102.6666667,2,0,0,0,2,10,20,16,15,10,5,2,0,6,3,3,0,0,5,4,9,2,3,7,0,3,0
2017,Nikolay Kulemin,NYI,L,72,132.2166667,1,1,1,0,2,7,14.29,12,11,8,3,1,1,2,1,1,0,0,3,2,7,3,1,9,9,10,47.37
2017,Alex Killorn,T.B,"C, L",81,116.6833333,1,1,0,1,2,8,12.5,9,8,7,2,1,1,0,0,0,0,0,5,2,10,3,2,4,1,0,100
2017,Justin Braun,S.J,D,81,172.85,0,2,1,1,2,3,0,3,3,0,0,0,0,0,0,0,0,0,0,6,1,14,6,34,0,0,-
2017,Max Pacioretty,MTL,L,81,77.5,1,1,1,0,2,3,33.33,7,6,5,0,1,0,4,2,2,0,0,2,1,5,3,2,4,1,0,100
2017,Lars Eller,WSH,C,81,175.8333333,1,1,1,0,2,10,10,15,12,8,3,1,0,2,1,1,0,0,3,2,8,7,5,12,65,102,38.92
2017,Wayne Simmonds,PHI,R,82,124.1166667,2,0,0,0,2,15,13.33,15,15,7,3,2,0,18,5,4,0,1,7,5,8,7,2,9,1,1,50
2017,Jason Demers,FLA,D,81,141.65,0,2,1,1,2,2,0,5,4,1,0,0,0,15,2,0,1,1,2,0,3,10,3,8,0,0,-
2017,Erik Karlsson,OTT,D,77,166.45,0,2,2,0,2,2,0,7,4,0,0,0,0,0,0,0,0,0,2,10,6,13,3,20,0,0,-
2017,TJ Brodie,CGY,D,82,192.8833333,1,1,0,1,2,5,20,8,6,3,1,0,0,2,1,1,0,0,2,7,13,1,1,13,0,0,-
2017,Ryan O'Reilly,BUF,C,72,168.6166667,1,1,1,0,2,7,14.29,13,10,6,3,2,1,0,0,0,0,0,1,3,5,0,1,5,157,137,53.4
2017,John Tavares,NYI,C,77,71.51666667,1,1,1,0,2,9,11.11,11,10,7,5,4,1,0,0,0,0,0,0,2,7,2,1,3,50,54,48.08
2017,David Savard,CBJ,D,74,181.8666667,0,2,0,2,2,2,0,3,3,0,0,0,0,2,1,1,0,0,1,6,3,11,2,19,0,0,-
2017,Matt Irwin,NSH,D,74,90.73333333,0,2,1,1,2,0,0,0,0,0,0,0,0,0,0,0,0,0,2,4,5,3,4,10,0,0,-
2017,Cam Fowler,ANA,D,80,220.3666667,1,1,1,0,2,4,25,4,4,4,1,0,1,6,3,3,0,0,0,5,6,2,4,27,0,0,-
2017,Tom Kuhnhackl,PIT,R,57,101.6666667,1,1,1,0,2,6,16.67,11,11,5,3,3,0,0,0,0,0,0,1,0,3,5,4,13,0,1,0
2017,Josh Manson,ANA,D,82,191.8333333,1,1,0,1,2,6,16.67,6,6,3,1,0,0,6,3,3,0,0,7,7,4,45,4,11,0,0,-
2017,Tobias Rieder,ARI,"C, R",80,191.0666667,1,1,1,0,2,23,4.35,33,28,22,13,7,2,0,0,0,0,0,3,1,8,1,3,10,1,5,16.67
2017,Joseph Cramarossa,"ANA, VAN",C,59,39.08333333,0,2,1,1,2,1,0,1,1,1,1,0,0,0,0,0,0,0,4,0,0,3,0,2,1,0,100
2017,Logan Shaw,ANA,"C, R",55,80.58333333,1,1,1,0,2,2,50,6,4,5,2,1,0,0,0,0,0,0,1,1,2,2,1,3,3,8,27.27
2017,Jean-Gabriel Pageau,OTT,C,82,179.7666667,0,2,2,0,2,16,0,26,24,14,7,3,2,0,0,0,0,0,3,2,6,11,6,20,84,74,53.16
2017,Boone Jenner,CBJ,C,82,69.91666667,2,0,0,0,2,7,28.57,9,8,7,3,2,1,0,0,0,0,0,5,0,7,3,1,5,14,20,41.18
2017,William Karlsson,CBJ,C,81,131.9,0,2,2,0,2,6,0,7,7,6,4,1,0,0,0,0,0,0,1,0,4,1,1,6,58,102,36.25
2017,Mark Scheifele,WPG,C,79,55.61666667,0,2,2,0,2,2,0,3,2,2,1,0,0,2,1,1,0,0,2,7,3,1,1,4,28,49,36.36
2017,Tanner Pearson,L.A,L,80,86.68333333,1,1,1,0,2,5,20,8,8,5,2,1,0,0,0,0,0,0,3,2,5,1,0,4,1,0,100
2017,Cody Ceci,OTT,D,79,240.85,0,2,0,2,2,7,0,9,7,0,0,1,0,0,0,0,0,0,1,11,1,11,3,30,1,0,100
2017,Chris Tierney,S.J,C,80,143.05,1,1,1,0,2,8,12.5,11,9,6,4,0,0,2,1,1,0,0,3,6,8,3,2,10,54,71,43.2
2017,Nathan MacKinnon,COL,C,82,139.4666667,2,0,0,0,2,14,14.29,24,20,10,6,6,2,0,0,0,0,0,1,4,11,3,2,7,77,83,48.13
2017,Bo Horvat,VAN,C,81,148.7666667,2,0,0,0,2,9,22.22,12,12,9,6,3,0,0,0,0,0,0,4,3,4,0,2,6,78,93,45.61
2017,Connor McDavid,EDM,C,82,66.63333333,1,1,0,1,2,3,33.33,3,3,3,2,0,0,0,0,0,0,0,2,3,8,1,0,6,12,15,44.44
2017,Sebastian Aho,CAR,R,82,17.95,1,1,1,0,2,3,33.33,3,3,3,3,1,0,2,1,1,0,0,1,0,0,0,0,0,0,1,0
2017,Marian Hossa,CHI,R,73,113.3166667,1,0,0,0,1,4,25,6,5,4,2,1,0,0,0,0,0,0,3,2,5,2,1,6,1,3,25
2017,Jason Chimera,NYI,L,82,97.8,1,0,0,0,1,5,20,6,6,5,4,3,0,2,1,1,0,0,2,0,3,5,1,6,6,6,50
2017,Andrei Markov,MTL,D,62,105.6833333,0,1,0,1,1,0,0,1,0,0,0,0,0,2,1,1,0,0,2,6,4,1,1,8,0,0,-
2017,Chris Kelly,OTT,C,82,173.4166667,1,0,0,0,1,5,20,7,6,1,1,2,0,2,1,1,0,0,0,3,4,1,3,16,45,80,36
2017,Jason Spezza,DAL,C,68,18.5,1,0,0,0,1,1,100,2,1,2,1,0,0,0,0,0,0,0,0,1,0,1,0,2,13,12,52
2017,Chris Thorburn,WPG,R,64,39.6,1,0,0,0,1,3,33.33,3,3,2,2,1,0,0,0,0,0,0,5,1,0,3,1,6,1,1,50
2017,Jay McClement,CAR,C,65,121.0333333,1,0,0,0,1,4,25,8,6,5,3,1,2,0,0,0,0,0,0,2,2,2,1,8,40,48,45.45
2017,Patrick Sharp,DAL,L,48,13.11666667,1,0,0,0,1,2,50,2,2,2,0,1,0,0,0,0,0,0,1,0,1,0,0,2,1,1,50
2017,Jussi Jokinen,FLA,L,69,92.9,1,0,0,0,1,5,20,9,6,4,2,1,1,13,5,4,1,0,5,1,7,0,0,6,7,3,70
2017,Vernon Fiddler,"N.J, NSH","C, L",59,105.6666667,1,0,0,0,1,2,50,6,4,2,1,2,0,19,4,2,1,1,7,3,3,3,0,10,53,60,46.9
2017,Rick Nash,NYR,"L, R",67,80.41666667,1,0,0,0,1,6,16.67,11,10,7,3,4,0,0,0,0,0,0,2,2,6,1,0,9,0,0,-
2017,Trevor Daley,PIT,D,56,133.5833333,0,1,1,0,1,1,0,3,1,1,0,0,0,0,0,0,0,0,5,1,5,3,0,19,0,0,-
2017,Alexandre Burrows,"OTT, VAN",L,75,88.5,0,1,1,0,1,5,0,5,5,2,1,1,0,17,3,1,1,1,2,2,5,1,1,6,0,3,0
2017,Braydon Coburn,T.B,D,80,162.2333333,1,0,0,0,1,4,25,7,5,2,2,1,0,6,3,3,0,0,3,6,2,5,3,21,0,0,-
2017,Dion Phaneuf,OTT,D,81,199.3166667,1,0,0,0,1,2,50,4,2,1,0,0,0,7,2,1,1,0,9,8,5,7,3,41,0,0,-
2017,Jeff Carter,L.A,C,82,124.0166667,1,0,0,0,1,12,8.33,15,14,11,6,1,1,0,0,0,0,0,1,2,4,0,1,7,52,70,42.62
2017,Dustin Brown,L.A,"L, R",80,103.35,1,0,0,0,1,3,33.33,3,3,3,1,0,0,0,0,0,0,0,1,3,7,14,4,8,0,0,-
2017,Brent Burns,S.J,D,82,141.7666667,0,1,0,1,1,2,0,7,4,3,1,1,0,0,0,0,0,0,1,11,6,3,1,14,0,0,-
2017,Loui Eriksson,VAN,L,65,92.58333333,0,1,1,0,1,3,0,3,3,3,0,1,0,0,0,0,0,0,0,1,4,0,1,3,0,1,0
2017,Kevin Klein,NYR,D,60,75.66666667,0,1,0,1,1,0,0,0,0,0,0,0,0,2,1,1,0,0,2,2,0,5,3,21,0,0,-
2017,Joe Pavelski,S.J,C,81,23.43333333,1,0,0,0,1,2,50,2,2,1,1,1,0,0,0,0,0,0,5,1,2,0,1,0,14,20,41.18
2017,Toby Enstrom,WPG,D,60,179.7333333,1,0,0,0,1,2,50,3,2,1,1,0,0,2,1,1,0,0,0,10,4,1,1,29,0,0,-
2017,Andrew Ladd,NYI,L,78,64.53333333,1,0,0,0,1,2,50,3,2,1,0,0,0,0,0,0,0,0,1,1,5,4,1,5,0,1,0
2017,Lauri Korpikoski,"CBJ, DAL",L,69,93.71666667,0,1,1,0,1,4,0,7,5,3,2,0,0,0,0,0,0,0,1,1,1,2,1,6,0,2,0
2017,Blake Comeau,COL,L,77,144.85,1,0,0,0,1,6,16.67,9,8,4,4,1,0,12,2,1,0,1,5,0,6,13,1,5,25,35,41.67
2017,Brandon Dubinsky,CBJ,C,80,138.05,1,0,0,0,1,7,14.29,9,8,6,4,1,0,10,1,0,0,1,5,2,4,2,0,10,80,94,45.98
2017,Andrej Sekera,EDM,D,80,162.2333333,1,0,0,0,1,7,14.29,8,7,3,1,0,0,0,0,0,0,0,1,3,5,5,3,29,0,0,-
2017,Adam Cracknell,DAL,R,69,35.95,1,0,0,0,1,3,33.33,7,5,6,5,1,0,2,1,1,0,0,2,0,0,1,1,1,5,9,35.71
2017,Jack Johnson,CBJ,D,82,198.4166667,0,1,1,0,1,5,0,5,5,0,0,0,0,0,0,0,0,0,1,3,5,10,2,33,0,0,-
2017,Anze Kopitar,L.A,C,76,144.8833333,0,1,1,0,1,7,0,11,7,7,3,2,1,4,2,2,0,0,1,1,6,3,1,12,87,119,42.23
2017,Marc Staal,NYR,D,72,139.4833333,0,1,1,0,1,2,0,2,2,1,0,0,0,2,1,1,0,0,2,4,3,6,2,11,0,0,-
2017,Matt Niskanen,WSH,D,78,203.85,0,1,0,1,1,2,0,3,3,1,0,0,0,2,1,1,0,0,1,6,3,15,3,17,0,0,-
2017,Marc-Edouard Vlasic,S.J,D,75,155.95,0,1,1,0,1,3,0,4,3,0,0,1,0,2,1,1,0,0,0,7,1,1,3,22,0,0,-
2017,Justin Abdelkader,DET,L,64,77.9,0,1,1,0,1,2,0,3,2,2,0,1,1,7,2,1,1,0,3,2,2,3,1,5,0,2,0
2017,Adam McQuaid,BOS,D,77,183.1333333,0,1,1,0,1,2,0,2,2,0,0,0,0,6,2,2,0,0,4,2,1,12,8,42,0,0,-
2017,Kris Letang,PIT,D,41,89.01666667,0,1,1,0,1,0,0,2,2,0,0,0,0,6,3,3,0,0,2,2,4,9,4,9,0,0,-
2017,Keith Yandle,FLA,D,82,139.0833333,0,1,0,1,1,3,0,7,5,1,0,0,0,2,1,1,0,0,5,7,3,3,0,3,0,0,-
2017,Niklas Hjalmarsson,CHI,D,73,203.8666667,0,1,1,0,1,0,0,0,0,0,0,0,0,0,0,0,0,0,1,10,5,2,3,36,0,0,-
2017,Darren Helm,DET,C,50,82.43333333,0,1,1,0,1,8,0,16,13,8,3,2,0,0,0,0,0,0,0,1,5,3,6,4,12,19,38.71
2017,Andy Greene,N.J,D,66,214.0666667,1,0,0,0,1,4,25,5,4,1,0,1,0,0,0,0,0,0,1,7,5,6,5,38,0,0,-
2017,Claude Giroux,PHI,"C, R",82,21.01666667,0,1,0,1,1,0,0,0,0,0,0,0,0,0,0,0,0,0,1,0,1,0,0,1,30,25,54.55
2017,Jordan Staal,CAR,C,75,117.8166667,1,0,0,0,1,15,6.67,21,18,18,11,5,4,2,1,1,0,0,0,3,11,1,1,2,79,72,52.32
2017,Shawn Matthias,WPG,L,45,67.35,1,0,0,0,1,4,25,4,4,3,2,0,0,4,2,2,0,0,1,2,0,0,0,5,2,3,40
2017,Andrew MacDonald,PHI,D,73,206.8166667,0,1,1,0,1,1,0,2,1,0,0,0,0,2,1,1,0,0,3,9,0,2,5,28,0,0,-
2017,Jamie Benn,DAL,L,77,114.3,1,0,0,0,1,9,11.11,12,12,11,5,2,1,2,1,1,0,0,2,2,5,0,2,7,17,29,36.96
2017,Nick Bonino,PIT,C,80,183.6,1,0,0,0,1,6,16.67,14,11,7,5,0,1,2,1,1,0,0,0,0,15,1,1,15,80,116,40.82
2017,Kevin Shattenkirk,"STL, WSH",D,80,24.6,0,1,0,1,1,1,0,1,1,1,1,0,0,0,0,0,0,0,0,0,1,0,2,3,0,0,-
2017,Paul Byron,MTL,L,81,160.2833333,1,0,0,0,1,8,12.5,12,11,9,7,2,0,0,0,0,0,0,5,1,7,3,4,8,0,0,-
2017,Logan Couture,S.J,C,73,80.01666667,0,1,1,0,1,4,0,6,4,3,2,0,0,0,0,0,0,0,2,1,6,2,1,10,17,35,32.69
2017,P.K. Subban,NSH,D,66,136.9833333,0,1,1,0,1,2,0,3,3,1,0,0,0,7,2,1,1,0,4,7,8,4,2,18,0,0,-
2017,David Perron,STL,L,82,93.68333333,1,0,0,0,1,4,25,9,7,6,3,1,2,6,3,3,0,0,3,5,4,5,4,2,1,7,12.5
2017,Ryan McDonagh,NYR,D,77,180.3166667,1,0,0,0,1,5,20,8,7,6,1,0,0,0,0,0,0,0,4,6,7,7,2,21,0,0,-
2017,Alec Martinez,L.A,D,82,181.85,1,0,0,0,1,1,100,4,2,2,1,0,0,0,0,0,0,0,0,4,0,15,5,36,0,1,0
2017,Carl Hagelin,PIT,L,61,138.45,0,1,0,1,1,14,0,20,16,10,2,0,0,2,1,1,0,0,3,5,6,4,4,8,1,0,100
2017,Nick Holden,NYR,D,80,134.9666667,0,1,0,1,1,1,0,2,1,0,0,0,0,0,0,0,0,0,1,4,3,10,2,9,0,0,-
2017,Drew Doughty,L.A,D,82,210.2166667,0,1,0,1,1,4,0,7,5,2,0,0,0,2,1,1,0,0,3,11,5,15,4,17,0,0,-
2017,Mikkel Boedker,S.J,L,81,68.33333333,1,0,0,0,1,6,16.67,7,6,5,2,1,0,0,0,0,0,0,0,0,4,3,0,5,0,1,0
2017,Tyler Myers,WPG,D,11,32.45,0,1,0,1,1,0,0,0,0,0,0,0,0,2,1,1,0,0,2,4,0,4,2,9,0,0,-
2017,Michael Del Zotto,PHI,D,51,65.26666667,0,1,1,0,1,0,0,0,0,0,0,0,0,6,2,2,0,0,1,3,0,17,1,7,0,0,-
2017,John Carlson,WSH,D,72,213.7666667,0,1,0,1,1,4,0,5,5,0,0,0,0,0,0,0,0,0,6,10,7,6,2,29,0,0,-
2017,Roman Josi,NSH,D,72,164.4666667,0,1,1,0,1,5,0,9,7,1,0,1,0,2,1,1,0,0,2,3,0,1,2,20,0,0,-
2017,Derek Stepan,NYR,C,81,110.4833333,1,0,0,0,1,15,6.67,19,16,8,3,2,0,0,0,0,0,0,1,0,6,0,2,5,60,99,37.74
2017,Jared Spurgeon,MIN,D,76,165.5833333,0,1,0,1,1,0,0,1,1,0,0,0,0,0,0,0,0,0,3,4,4,7,5,22,0,0,-
2017,Jordie Benn,"DAL, MTL",D,71,169,0,1,1,0,1,2,0,2,2,0,0,0,0,10,5,5,0,0,3,4,3,10,1,39,0,0,-
2017,Kyle Palmieri,N.J,"C, R",80,77.2,1,0,0,0,1,2,50,3,3,2,0,0,0,0,0,0,0,0,9,1,4,5,1,2,1,2,33.33
2017,Alex Chiasson,CGY,R,81,76.28333333,1,0,0,0,1,2,50,4,3,2,1,0,0,12,2,1,0,1,4,1,3,3,1,1,0,0,-
2017,Jakob Silfverberg,ANA,R,79,128.7166667,1,0,0,0,1,10,10,21,15,12,5,2,1,0,0,0,0,0,2,2,11,0,5,5,0,1,0
2017,Matt Duchene,COL,C,77,71.93333333,1,0,0,0,1,3,33.33,4,4,3,2,1,1,0,0,0,0,0,0,0,7,0,1,4,85,54,61.15
2017,Reilly Smith,FLA,R,80,136.8333333,1,0,0,0,1,6,16.67,9,6,5,1,1,0,2,1,1,0,0,0,4,9,4,2,6,0,2,0
2017,Mattias Ekholm,NSH,D,82,185.1833333,0,1,0,1,1,3,0,4,4,0,0,0,0,4,2,2,0,0,5,12,2,7,4,18,0,0,-
2017,Marcus Foligno,BUF,L,80,93.6,1,0,0,0,1,5,20,8,6,2,2,3,1,4,2,2,0,0,8,0,7,5,2,5,0,1,0
2017,Nick Jensen,DET,D,49,75.13333333,0,1,1,0,1,0,0,1,1,0,0,0,0,0,0,0,0,0,1,3,0,9,2,10,0,0,-
2017,Brandon Manning,PHI,D,65,106.0166667,1,0,0,0,1,4,25,5,5,2,0,0,0,0,0,0,0,0,6,4,1,8,3,7,0,1,0
2017,Martin Marincin,TOR,D,25,69.36666667,0,1,1,0,1,1,0,2,2,1,0,1,0,0,0,0,0,0,2,2,1,0,0,8,0,0,-
2017,Tyler Toffoli,L.A,C,63,66.35,0,1,1,0,1,2,0,8,5,6,3,1,0,0,0,0,0,0,0,2,3,2,1,1,0,0,-
2017,Ryan Spooner,BOS,C,78,17.48333333,0,1,1,0,1,4,0,5,5,1,0,0,0,0,0,0,0,0,0,1,1,0,0,0,2,0,100
2017,Brock Nelson,NYI,C,81,48.08333333,0,1,1,0,1,2,0,2,2,2,0,0,0,0,0,0,0,0,1,1,3,4,0,1,25,30,45.45
2017,Derek Forbort,L.A,D,82,178.7,0,1,0,1,1,2,0,3,2,0,0,0,0,19,4,2,1,1,7,9,1,23,6,31,0,0,-
2017,Austin Watson,NSH,L,77,132.2833333,0,1,1,0,1,4,0,4,4,4,2,0,1,2,1,1,0,0,5,2,2,5,5,11,3,5,37.5
2017,Alexander Burmistrov,"ARI, WPG",C,49,43.71666667,0,1,1,0,1,1,0,1,1,0,0,0,0,0,0,0,0,0,0,0,1,2,0,3,4,18,18.18
2017,Ryan Johansen,NSH,C,82,63.43333333,1,0,0,0,1,4,25,5,5,4,1,0,0,2,1,1,0,0,1,0,4,0,1,0,27,23,54
2017,Joakim Nordstrom,CAR,"C, L",82,134.0166667,1,0,0,0,1,10,10,12,11,7,5,3,2,2,1,1,0,0,2,2,6,4,5,9,1,0,100
2017,Bryan Rust,PIT,R,57,41.65,0,1,1,0,1,3,0,3,3,3,1,1,0,0,0,0,0,0,2,2,1,2,1,5,0,1,0
2017,Ryan Garbutt,ANA,C,27,31.51666667,0,1,0,1,1,1,0,2,2,0,0,0,0,2,1,1,0,0,1,0,2,3,4,3,1,2,33.33
2017,Matt Read,PHI,R,63,55.88333333,1,0,0,0,1,2,50,2,2,0,0,0,0,0,0,0,0,0,0,1,3,1,0,7,1,3,25
2017,Kevan Miller,BOS,D,58,115.75,0,1,0,1,1,4,0,4,4,0,0,0,0,2,1,1,0,0,4,2,0,10,5,18,0,0,-
2017,Ryan Dzingel,OTT,"C, L",81,15.63333333,1,0,0,0,1,1,100,1,1,1,0,0,0,0,0,0,0,0,3,0,1,0,0,0,0,1,0
2017,Alexey Marchenko,"DET, TOR",D,41,71.76666667,0,1,0,1,1,1,0,1,1,0,0,0,0,0,0,0,0,0,0,3,0,1,2,13,0,0,-
2017,Josh Archibald,PIT,R,10,5.066666667,1,0,0,0,1,1,100,1,1,1,1,0,0,0,0,0,0,0,0,0,0,0,0,0,0,0,-
2017,Fredrik Claesson,OTT,D,33,14.56666667,0,1,0,1,1,0,0,1,0,0,0,0,0,0,0,0,0,0,1,0,0,0,0,1,0,0,-
2017,Vincent Trocheck,FLA,C,82,157.1833333,0,1,1,0,1,7,0,16,12,10,3,1,0,4,2,2,0,0,3,1,7,6,3,9,80,90,47.06
2017,Adam Lowry,WPG,"C, L",82,183.7333333,0,1,0,1,1,5,0,6,5,3,3,2,2,2,1,1,0,0,5,5,7,11,5,18,128,138,48.12
2017,Nick Shore,L.A,C,70,90.5,1,0,0,0,1,3,33.33,5,4,2,2,0,1,2,1,1,0,0,1,5,1,1,2,8,25,40,38.46
2017,Victor Rask,CAR,C,82,31.68333333,0,1,1,0,1,4,0,4,4,1,0,0,0,0,0,0,0,0,0,0,3,1,1,0,8,8,50
2017,Matt Nieto,"COL, S.J",L,59,97.56666667,0,1,1,0,1,2,0,3,3,1,0,0,0,2,1,1,0,0,1,0,3,1,0,8,1,2,33.33
2017,Gabriel Landeskog,COL,L,72,126.2666667,1,0,0,0,1,10,10,13,12,8,4,1,1,0,0,0,0,0,9,4,13,3,2,11,2,8,20
2017,Sean Couturier,PHI,C,66,119.9166667,0,1,1,0,1,7,0,9,9,5,3,1,1,4,2,2,0,0,0,4,12,1,1,5,50,43,53.76
2017,Dougie Hamilton,CGY,D,81,73.15,0,1,1,0,1,3,0,4,4,0,0,0,1,2,1,1,0,0,0,0,2,4,0,6,0,0,-
2017,Jamie Oleksiak,DAL,D,41,51.2,0,1,0,1,1,0,0,1,0,1,0,0,0,2,1,1,0,0,1,1,0,0,1,9,0,0,-
2017,Oscar Klefbom,EDM,D,82,137.6833333,0,1,1,0,1,0,0,2,2,0,0,0,0,0,0,0,0,0,0,5,3,2,3,22,0,0,-
2017,Connor Murphy,ARI,D,77,142.7333333,1,0,0,0,1,1,100,1,1,0,0,0,0,2,1,1,0,0,2,4,3,8,1,27,0,0,-
2017,Phillip Danault,MTL,L,82,92.05,0,1,1,0,1,4,0,5,4,2,0,1,0,2,1,1,0,0,0,4,6,1,1,8,34,34,50
2017,Vladislav Namestnikov,T.B,C,74,22.15,0,1,1,0,1,2,0,2,2,2,1,0,2,0,0,0,0,0,1,1,1,4,1,2,4,7,36.36
2017,J.T. Brown,T.B,R,64,66.53333333,1,0,0,0,1,6,16.67,8,7,4,2,1,1,4,2,2,0,0,7,1,1,4,3,7,0,1,0
2017,Yanni Gourde,T.B,C,20,27.85,1,0,0,0,1,3,33.33,4,3,3,1,1,0,2,1,1,0,0,1,1,2,0,2,0,5,15,25
2017,Ryan Murray,CBJ,D,60,112.65,0,1,0,1,1,1,0,1,1,0,0,0,0,2,1,1,0,0,0,3,1,1,0,12,0,0,-
2017,Matt Dumba,MIN,D,76,46.68333333,0,1,1,0,1,0,0,0,0,0,0,0,0,2,1,1,0,0,1,2,0,3,0,3,0,0,-
2017,Michael Matheson,FLA,D,81,211.1666667,0,1,0,1,1,5,0,7,6,3,2,2,0,6,3,3,0,0,5,6,3,11,1,20,1,0,100
2017,Jacob Trouba,WPG,D,60,179.65,0,1,1,0,1,6,0,9,7,3,1,1,1,17,3,1,1,1,1,10,3,12,2,25,0,0,-
2017,Colton Parayko,STL,D,81,171.7333333,0,1,1,0,1,6,0,6,6,0,0,1,0,6,3,3,0,0,5,1,4,9,4,23,0,0,-
2017,Colton Sissons,NSH,C,58,52.65,1,0,0,0,1,1,100,1,1,1,1,1,0,4,2,2,0,0,1,1,3,0,2,3,24,21,53.33
2017,Brock McGinn,CAR,L,57,44.85,0,1,1,0,1,2,0,2,2,0,0,0,0,0,0,0,0,0,0,0,3,1,0,1,0,1,0
2017,Gemel Smith,DAL,C,17,22.06666667,1,0,0,0,1,1,100,1,1,1,1,0,0,0,0,0,0,0,1,2,0,0,0,1,1,3,25
2017,Connor Brown,TOR,R,82,162.9,1,0,0,0,1,6,16.67,10,9,9,3,3,0,0,0,0,0,0,0,4,9,2,2,12,2,3,40
2017,Nate Schmidt,WSH,D,60,42.68333333,0,1,1,0,1,0,0,0,0,0,0,0,0,2,1,1,0,0,1,1,1,2,1,3,0,0,-
2017,Andrew Copp,WPG,C,64,92.86666667,1,0,0,0,1,7,14.29,10,10,7,2,0,0,2,1,1,0,0,0,2,6,3,2,11,20,29,40.82
2017,Andre Burakovsky,WSH,L,64,1.833333333,1,0,0,0,1,1,100,1,1,1,1,0,0,0,0,0,0,0,0,0,0,0,0,0,0,0,-
2017,Shea Theodore,ANA,D,34,26.71666667,0,1,1,0,1,0,0,2,1,1,1,0,0,2,1,1,0,0,0,0,0,0,0,2,0,0,-
2017,Laurent Dauphin,ARI,C,24,40.9,1,0,0,0,1,6,16.67,8,7,6,6,0,1,4,2,2,0,0,1,0,2,2,3,2,3,5,37.5
2017,Artturi Lehkonen,MTL,L,73,32.71666667,1,0,0,0,1,4,25,5,5,2,1,0,0,0,0,0,0,0,0,0,1,0,1,0,0,1,0
2017,Sean Monahan,CGY,C,82,42.35,1,0,0,0,1,1,100,4,1,1,0,0,0,2,1,1,0,0,1,0,1,1,1,1,21,18,53.85
2017,Rasmus Ristolainen,BUF,D,79,236.5666667,0,1,0,1,1,9,0,9,9,2,1,1,0,12,2,1,0,1,3,5,1,11,3,23,0,0,-
2017,Josh Jooris,"ARI, NYR",R,54,80.01666667,0,1,0,1,1,2,0,3,2,3,1,1,0,0,0,0,0,0,2,0,4,0,1,6,23,32,41.82
2017,Melker Karlsson,S.J,C,67,106.5833333,1,0,0,0,1,6,16.67,6,6,5,3,1,0,2,1,1,0,0,3,0,1,7,2,13,0,1,0
2017,Pierre-Edouard Bellemare,PHI,L,82,226.6,0,1,1,0,1,9,0,12,12,6,2,1,1,0,0,0,0,0,1,4,5,7,5,23,87,130,40.09
2017,Aaron Ekblad,FLA,D,68,55.58333333,1,0,0,0,1,3,33.33,7,4,3,1,2,0,8,4,4,0,0,5,2,1,1,3,4,0,0,-
2017,Sam Bennett,CGY,C,81,91.25,0,1,0,1,1,2,0,8,6,4,3,2,0,5,1,0,1,0,6,1,6,3,1,5,22,26,45.83
2017,Dylan Larkin,DET,C,80,26.18333333,1,0,0,0,1,3,33.33,4,3,2,1,2,0,0,0,0,0,0,1,0,1,2,2,0,6,6,50
2017,Adrian Kempe,L.A,L,25,15.63333333,0,1,1,0,1,1,0,2,1,1,1,0,0,0,0,0,0,0,0,1,1,0,0,1,4,3,57.14
2017,Brandon Carlo,BOS,D,82,212.7333333,1,0,0,0,1,5,20,5,5,1,0,0,0,0,0,0,0,0,2,10,2,9,4,32,0,0,-
2017,Lawson Crouse,ARI,L,72,108.2666667,1,0,0,0,1,7,14.29,12,11,6,3,3,0,2,1,1,0,0,4,0,3,3,1,6,0,0,-
2017,Andreas Martinsen,"COL, MTL",L,64,57.98333333,0,1,1,0,1,3,0,5,3,2,0,1,0,0,0,0,0,0,1,1,4,6,2,4,0,0,-
2017,Derek Ryan,CAR,C,67,29.5,1,0,0,0,1,2,50,3,2,2,1,0,0,0,0,0,0,0,0,0,2,0,0,2,8,11,42.11
2017,Nikita Zaitsev,TOR,D,82,140.05,0,1,1,0,1,2,0,2,2,0,0,0,0,0,0,0,0,0,0,7,3,7,1,19,0,0,-
2017,Drake Caggiula,EDM,"C, L",60,41.03333333,0,1,0,1,1,3,0,6,6,6,2,0,0,0,0,0,0,0,1,2,3,1,2,3,1,1,50
2017,Jaromir Jagr,FLA,R,82,1.8,0,0,0,0,0,0,0,0,0,0,0,0,0,0,0,0,0,0,1,0,0,0,0,0,0,0,-
2017,Shane Doan,ARI,R,74,0.3,0,0,0,0,0,0,0,0,0,0,0,0,0,14,3,2,0,1,1,0,0,0,0,0,0,0,-
2017,Jarome Iginla,"COL, L.A",R,80,1.116666667,0,0,0,0,0,1,0,1,1,0,0,0,0,0,0,0,0,0,4,0,0,0,0,0,0,0,-
2017,Michal Rozsival,CHI,D,22,23.6,0,0,0,0,0,1,0,1,1,0,0,0,1,0,0,0,0,0,1,1,0,4,1,3,0,0,-
2017,Shawn Thornton,FLA,L,50,0.116666667,0,0,0,0,0,0,0,0,0,0,0,0,0,0,0,0,0,0,4,0,0,0,0,0,0,0,-
2017,Joe Thornton,S.J,C,79,1.666666667,0,0,0,0,0,0,0,0,0,0,0,0,0,10,1,0,0,1,0,0,0,0,0,0,1,2,33.33
2017,Patrick Marleau,S.J,"C, L",82,7.55,0,0,0,0,0,0,0,1,0,0,0,0,0,0,0,0,0,0,0,1,0,0,1,1,2,1,66.67
2017,Brian Campbell,CHI,D,80,9.85,0,0,0,0,0,0,0,0,0,0,0,0,0,0,0,0,0,0,0,1,0,1,1,0,0,0,-
2017,Mike Fisher,NSH,C,72,129.2666667,0,0,0,0,0,3,0,4,3,1,1,1,0,15,2,0,1,1,1,2,6,4,1,15,84,83,50.3
2017,Mike Ribeiro,NSH,C,46,1.35,0,0,0,0,0,0,0,0,0,0,0,0,0,4,2,2,0,0,2,0,0,0,0,0,1,1,50
2017,Francois Beauchemin,COL,D,81,243.3166667,0,0,0,0,0,1,0,3,2,0,0,0,0,4,2,2,0,0,2,5,3,3,5,35,0,0,-
2017,Chris Neil,OTT,R,53,1.183333333,0,0,0,0,0,0,0,0,0,0,0,0,0,5,1,0,1,0,7,0,0,0,0,0,0,0,-
2017,Daniel Sedin,VAN,L,82,9.866666667,0,0,0,0,0,0,0,0,0,0,0,0,0,0,0,0,0,0,0,0,0,0,0,0,0,2,0
2017,Henrik Sedin,VAN,C,82,13.41666667,0,0,0,0,0,1,0,1,1,1,0,0,0,0,0,0,0,0,0,1,0,0,0,0,7,9,43.75
2017,Henrik Zetterberg,DET,L,82,2.333333333,0,0,0,0,0,0,0,0,0,0,0,0,0,0,0,0,0,0,0,0,0,0,0,0,0,1,0
2017,Radim Vrbata,ARI,R,81,20.98333333,0,0,0,0,0,1,0,3,2,1,0,1,0,0,0,0,0,0,1,1,2,1,0,1,0,0,-
2017,Mark Streit,"PHI, PIT",D,68,37.85,0,0,0,0,0,1,0,1,1,0,0,0,0,0,0,0,0,0,0,0,1,2,1,2,0,0,-
2017,Marian Gaborik,L.A,R,56,3.666666667,0,0,0,0,0,0,0,0,0,0,0,0,0,0,0,0,0,0,1,0,0,1,0,0,0,0,-
2017,Scott Hartnell,CBJ,L,78,0.433333333,0,0,0,0,0,0,0,0,0,0,0,0,0,2,1,1,0,0,9,0,0,0,0,0,0,0,-
2017,Brooks Orpik,WSH,D,79,190.3666667,0,0,0,0,0,3,0,4,3,1,0,1,0,2,1,1,0,0,6,6,6,18,5,17,0,0,-
2017,Steve Ott,"DET, MTL",C,53,91.6,0,0,0,0,0,4,0,6,5,5,5,0,0,15,6,5,1,0,3,0,4,5,6,7,29,35,45.31
2017,Justin Williams,WSH,R,80,31.15,0,0,0,0,0,0,0,1,0,1,0,0,0,0,0,0,0,0,3,1,4,0,1,2,1,0,100
2017,Niklas Kronwall,DET,D,57,56.73333333,0,0,0,0,0,0,0,2,0,2,0,0,0,0,0,0,0,0,0,0,1,7,1,12,0,0,-
2017,Nick Schultz,PHI,D,28,52.33333333,0,0,0,0,0,1,0,1,1,0,0,0,0,0,0,0,0,0,0,2,0,6,1,11,0,0,-
2017,Antoine Vermette,ANA,C,72,66.13333333,0,0,0,0,0,1,0,1,1,0,0,1,0,2,1,1,0,0,1,0,2,0,0,6,103,61,62.8
2017,Paul Martin,S.J,D,81,150.05,0,0,0,0,0,2,0,2,2,1,0,1,0,0,0,0,0,0,0,4,2,2,0,19,0,0,-
2017,Matt Hendricks,EDM,"C, L",42,63.53333333,0,0,0,0,0,4,0,6,5,2,0,1,0,0,0,0,0,0,2,1,3,2,4,8,19,26,42.22
2017,John-Michael Liles,BOS,D,36,48.2,0,0,0,0,0,1,0,1,1,0,0,0,0,0,0,0,0,0,1,0,2,2,1,2,0,0,-
2017,Deryk Engelland,CGY,D,81,261.3333333,0,0,0,0,0,5,0,7,6,1,1,0,0,12,2,1,0,1,8,9,5,6,7,38,0,0,-
2017,Ales Hemsky,DAL,R,15,2.8,0,0,0,0,0,0,0,0,0,0,0,0,0,0,0,0,0,0,0,0,0,0,0,1,0,0,-
2017,Fedor Tyutin,COL,D,69,168.4833333,0,0,0,0,0,5,0,5,5,0,0,1,0,6,3,3,0,0,0,4,2,9,4,27,0,0,-
2017,Mike Cammalleri,N.J,L,61,2.966666667,0,0,0,0,0,0,0,0,0,0,0,0,0,0,0,0,0,0,0,0,0,0,0,0,0,1,0
2017,Jason Pominville,MIN,R,78,71.78333333,0,0,0,0,0,3,0,6,4,4,0,0,0,0,0,0,0,0,1,1,2,2,0,5,0,2,0
2017,Kevin Bieksa,ANA,D,81,136.9166667,0,0,0,0,0,3,0,5,4,3,0,1,0,4,2,2,0,0,4,7,2,12,3,11,0,0,-
2017,Dennis Seidenberg,NYI,D,73,135.5833333,0,0,0,0,0,3,0,3,3,0,0,0,0,0,0,0,0,0,0,2,1,7,4,19,0,0,-
2017,Johnny Oduya,"CHI, DAL",D,52,120.5166667,0,0,0,0,0,2,0,5,4,2,0,1,1,0,0,0,0,0,0,6,2,2,0,28,0,0,-
2017,PA Parenteau,"N.J, NSH",R,67,2.95,0,0,0,0,0,0,0,0,0,0,0,0,0,0,0,0,0,0,0,0,0,0,0,0,0,0,-
2017,Zbynek Michalek,ARI,D,3,3.916666667,0,0,0,0,0,0,0,0,0,0,0,0,0,0,0,0,0,0,0,1,0,0,0,2,0,0,-
2017,Dennis Wideman,CGY,D,57,124.2166667,0,0,0,0,0,0,0,1,0,1,0,0,0,12,2,1,0,1,0,4,4,6,2,16,0,0,-
2017,Valtteri Filppula,"PHI, T.B",C,79,139.3,0,0,0,0,0,4,0,5,5,4,2,1,0,6,3,3,0,0,4,1,5,1,4,9,51,81,38.64
2017,Tom Gilbert,L.A,D,18,20.28333333,0,0,0,0,0,0,0,1,0,1,0,0,0,0,0,0,0,0,1,1,1,0,0,3,0,0,-
2017,Matt Greene,L.A,D,26,31.56666667,0,0,0,0,0,1,0,1,1,0,0,0,0,0,0,0,0,0,0,0,0,6,1,4,0,0,-
2017,Jay Bouwmeester,STL,D,81,241.0833333,0,0,0,0,0,1,0,1,1,0,0,0,0,2,1,1,0,0,0,7,2,4,4,23,0,0,-
2017,Boyd Gordon,PHI,C,13,19.83333333,0,0,0,0,0,0,0,0,0,0,0,0,0,0,0,0,0,0,0,0,0,0,0,2,10,13,43.48
2017,Jiri Hudler,DAL,R,32,0.083333333,0,0,0,0,0,0,0,0,0,0,0,0,0,0,0,0,0,0,0,0,0,0,0,0,0,0,-
2017,Alexander Steen,STL,L,76,140.9333333,0,0,0,0,0,0,0,3,1,1,1,0,0,0,0,0,0,0,4,1,3,4,4,16,15,24,38.46
2017,Duncan Keith,CHI,D,80,194.6833333,0,0,0,0,0,1,0,1,1,0,0,0,0,2,1,1,0,0,0,7,3,3,5,15,0,0,-
2017,Jonathan Ericsson,DET,D,51,104.1333333,0,0,0,0,0,1,0,5,1,1,1,1,0,5,1,0,1,0,4,7,0,6,0,7,0,0,-
2017,Josh Gorges,BUF,D,66,176.85,0,0,0,0,0,0,0,1,1,0,0,0,0,2,1,1,0,0,3,0,0,15,1,37,0,0,-
2017,Chris Kunitz,PIT,L,71,52,0,0,0,0,0,2,0,3,3,1,1,1,0,2,1,1,0,0,3,1,2,8,7,1,0,0,-
2017,Thomas Vanek,"DET, FLA",L,68,0.316666667,0,0,0,0,0,0,0,0,0,0,0,0,0,2,1,1,0,0,1,0,0,1,0,0,0,0,-
2017,Milan Michalek,TOR,L,5,5.416666667,0,0,0,0,0,0,0,0,0,0,0,0,0,0,0,0,0,0,0,1,1,0,0,2,0,1,0
2017,Brent Seabrook,CHI,D,79,148.5833333,0,0,0,0,0,0,0,0,0,0,0,0,0,0,0,0,0,0,0,9,6,12,1,28,0,0,-
2017,Zach Parise,MIN,L,69,71.93333333,0,0,0,0,0,6,0,12,10,10,4,0,0,2,1,1,0,0,5,1,6,1,1,10,0,0,-
2017,Eric Fehr,"PIT, TOR",C,53,94.95,0,0,0,0,0,2,0,2,2,1,0,0,0,4,2,2,0,0,0,2,8,7,0,10,11,16,40.74
2017,Mark Stuart,WPG,D,42,95.18333333,0,0,0,0,0,2,0,2,2,0,0,0,0,0,0,0,0,0,2,10,0,7,1,25,0,0,-
2017,Ryan Kesler,ANA,C,82,223.1,0,0,0,0,0,7,0,10,9,7,2,1,1,2,1,1,0,0,2,0,5,9,1,17,139,137,50.36
2017,Brian Boyle,"T.B, TOR",C,75,79.76666667,0,0,0,0,0,2,0,2,2,0,0,0,0,17,3,1,1,1,6,4,4,4,3,13,46,51,47.42
2017,Corey Perry,ANA,R,82,2.433333333,0,0,0,0,0,0,0,1,1,0,0,1,0,2,1,1,0,0,1,0,0,0,1,0,0,0,-
2017,Patrick Eaves,"ANA, DAL",R,79,13.88333333,0,0,0,0,0,0,0,0,0,0,0,0,0,0,0,0,0,0,1,0,1,0,0,2,0,0,-
2017,Matt Carle,NSH,D,6,3.85,0,0,0,0,0,0,0,0,0,0,0,0,0,0,0,0,0,0,0,0,0,0,0,0,0,0,-
2017,David Backes,BOS,R,74,39.53333333,0,0,0,0,0,0,0,1,0,0,0,0,0,0,0,0,0,0,4,0,0,2,0,2,8,5,61.54
2017,Kyle Quincey,"CBJ, N.J",D,73,134.2,0,0,0,0,0,0,0,1,0,1,0,0,0,8,4,4,0,0,2,2,3,7,3,15,0,0,-
2017,Lee Stempniak,CAR,R,82,1.583333333,0,0,0,0,0,0,0,0,0,0,0,0,0,0,0,0,0,0,1,0,0,0,0,0,0,0,-
2017,John Mitchell,COL,C,65,40.28333333,0,0,0,0,0,0,0,1,0,0,0,0,1,17,3,1,1,1,0,1,3,4,0,3,18,20,47.37
2017,Marc Methot,OTT,D,68,141.75,0,0,0,0,0,3,0,3,3,0,0,0,0,4,2,2,0,0,1,2,3,9,4,15,0,0,-
2017,Nate Thompson,ANA,C,30,47.71666667,0,0,0,0,0,1,0,2,1,1,1,1,0,0,0,0,0,0,2,3,2,0,2,3,14,25,35.9
2017,Drew Miller,DET,L,55,74.86666667,0,0,0,0,0,2,0,4,4,3,0,0,0,2,1,1,0,0,0,1,3,0,1,8,1,0,100
2017,Kyle Brodziak,STL,C,69,139.4833333,0,0,0,0,0,5,0,8,7,6,3,0,1,8,4,4,0,0,1,2,9,1,2,6,54,63,46.15
2017,Matt Moulson,BUF,L,81,1.4,0,0,0,0,0,0,0,0,0,0,0,0,0,0,0,0,0,0,0,0,0,0,0,0,0,0,-
2017,Tanner Glass,NYR,L,11,2.766666667,0,0,0,0,0,0,0,0,0,0,0,0,0,0,0,0,0,0,0,0,0,0,0,0,0,0,-
2017,Clayton Stoner,ANA,D,14,30.98333333,0,0,0,0,0,1,0,2,1,1,0,0,0,0,0,0,0,0,1,0,0,2,0,6,0,0,-
2017,Alex Ovechkin,WSH,L,82,1.583333333,0,0,0,0,0,0,0,0,0,0,0,0,0,0,0,0,0,0,3,0,0,1,0,0,0,0,-
2017,Evgeni Malkin,PIT,C,62,2.666666667,0,0,0,0,0,0,0,0,0,0,0,0,0,4,2,2,0,0,4,0,0,0,1,0,0,0,-
2017,Drew Stafford,"BOS, WPG",R,58,11.7,0,0,0,0,0,0,0,0,0,0,0,0,0,0,0,0,0,0,1,0,1,0,1,1,0,1,0
2017,Alexander Radulov,MTL,R,76,1.066666667,0,0,0,0,0,0,0,0,0,0,0,0,0,0,0,0,0,0,3,0,0,0,0,0,0,0,-
2017,Mike Green,DET,D,72,39.7,0,0,0,0,0,1,0,1,1,0,0,0,0,4,2,2,0,0,0,1,0,3,2,5,0,0,-
2017,Bryan Bickell,CAR,L,11,1.616666667,0,0,0,0,0,0,0,0,0,0,0,0,0,0,0,0,0,0,0,0,0,0,0,0,0,0,-
2017,Carl Soderberg,COL,C,80,54.76666667,0,0,0,0,0,4,0,8,6,2,1,3,0,0,0,0,0,0,1,0,1,0,0,0,14,24,36.84
2017,Nicklas Grossmann,CGY,D,3,3.25,0,0,0,0,0,0,0,0,0,0,0,0,0,0,0,0,0,0,0,0,0,1,0,0,0,0,-
2017,David Krejci,BOS,C,82,39.9,0,0,0,0,0,1,0,3,3,2,0,0,0,0,0,0,0,0,1,1,1,0,1,4,17,22,43.59
2017,Alexei Emelin,MTL,D,76,195.9833333,0,0,0,0,0,0,0,1,0,0,0,0,0,10,5,5,0,0,5,20,5,25,3,32,0,0,-
2017,Alexander Edler,VAN,D,68,175.8166667,0,0,0,0,0,2,0,2,2,0,0,0,0,2,1,1,0,0,1,3,6,5,0,34,0,0,-
2017,Kevin Porter,PIT,C,2,2.85,0,0,0,0,0,0,0,0,0,0,0,0,0,0,0,0,0,0,0,0,2,0,0,0,0,0,-
2017,Torrey Mitchell,MTL,C,78,143.3666667,0,0,0,0,0,4,0,7,5,3,1,1,0,0,0,0,0,0,4,3,8,2,2,9,74,61,54.81
2017,Ryan Callahan,T.B,R,18,35.58333333,0,0,0,0,0,1,0,1,1,1,1,0,0,0,0,0,0,0,1,3,3,3,1,5,1,3,25
2017,Kris Versteeg,CGY,R,69,1.183333333,0,0,0,0,0,0,0,0,0,0,0,0,0,4,2,2,0,0,1,0,0,0,0,0,0,0,-
2017,Adam Pardy,NSH,D,4,0.333333333,0,0,0,0,0,0,0,0,0,0,0,0,0,0,0,0,0,0,0,0,0,0,0,0,0,0,-
2017,Roman Polak,TOR,D,75,217.9333333,0,0,0,0,0,2,0,5,4,0,0,0,0,12,2,1,0,1,3,7,3,27,4,37,0,1,0
2017,Matt Hunwick,TOR,D,72,191.7666667,0,0,0,0,0,5,0,6,5,0,0,0,0,6,3,3,0,0,2,8,8,10,7,27,0,0,-
2017,Jannik Hansen,"S.J, VAN",R,43,63.03333333,0,0,0,0,0,2,0,3,3,2,2,0,0,0,0,0,0,0,1,1,2,2,2,4,0,0,-
2017,Rene Bourque,COL,R,65,9.783333333,0,0,0,0,0,0,0,1,0,0,0,0,0,0,0,0,0,0,0,0,0,0,0,0,0,0,-
2017,Cody McLeod,"COL, NSH",L,59,1.016666667,0,0,0,0,0,0,0,0,0,0,0,0,0,0,0,0,0,0,12,0,0,0,0,0,0,1,0
2017,Paul Stastny,STL,C,66,107.5833333,0,0,0,0,0,4,0,5,5,5,0,0,0,0,0,0,0,0,1,0,4,2,1,9,98,84,53.85
2017,Sidney Crosby,PIT,C,75,9.683333333,0,0,0,0,0,2,0,3,3,2,0,0,0,0,0,0,0,0,0,0,0,0,0,1,7,12,36.84
2017,Bobby Ryan,OTT,R,62,2.266666667,0,0,0,0,0,0,0,0,0,0,0,0,0,0,0,0,0,0,1,0,1,0,0,1,0,0,-
2017,Benoit Pouliot,EDM,L,67,90.71666667,0,0,0,0,0,2,0,5,4,3,0,1,0,2,1,1,0,0,1,3,6,2,1,9,0,1,0
2017,Jack Skille,VAN,R,55,0.033333333,0,0,0,0,0,0,0,0,0,0,0,0,0,0,0,0,0,0,0,0,0,0,0,0,0,0,-
2017,Devin Setoguchi,L.A,R,45,0.183333333,0,0,0,0,0,0,0,0,0,0,0,0,0,0,0,0,0,0,0,0,0,0,0,0,0,0,-
2017,Martin Hanzal,"ARI, MIN",C,71,97.88333333,0,0,0,0,0,12,0,14,12,4,2,2,2,0,0,0,0,0,2,1,4,1,3,4,54,61,46.96
2017,Jakub Kindl,FLA,D,39,7.616666667,0,0,0,0,0,0,0,0,0,0,0,0,0,2,1,1,0,0,0,0,0,0,0,0,0,0,-
2017,James Neal,NSH,"L, R",70,3.416666667,0,0,0,0,0,0,0,0,0,0,0,0,0,2,1,1,0,0,0,0,0,0,0,0,0,1,0
2017,Taylor Chorney,WSH,D,18,13.58333333,0,0,0,0,0,0,0,0,0,0,0,0,0,0,0,0,0,0,1,0,0,0,0,3,0,0,-
2017,Kris Russell,EDM,D,68,158.0166667,0,0,0,0,0,0,0,2,1,0,0,0,0,4,2,2,0,0,1,11,2,4,2,35,0,0,-
2017,Cody Franson,BUF,D,68,57.16666667,0,0,0,0,0,0,0,0,0,0,0,0,0,0,0,0,0,0,0,1,2,1,0,2,0,0,-
2017,Vladimir Sobotka,STL,L,1,1.8,0,0,0,0,0,0,0,0,0,0,0,0,0,0,0,0,0,0,0,0,1,0,0,0,0,0,-
2017,Cody Bass,NSH,C,9,4.633333333,0,0,0,0,0,0,0,0,0,0,0,0,0,0,0,0,0,0,0,0,0,0,1,1,0,1,0
2017,Chris Butler,STL,D,1,1.583333333,0,0,0,0,0,0,0,0,0,0,0,0,0,0,0,0,0,0,0,0,0,0,0,0,0,0,-
2017,Chris VandeVelde,PHI,C,81,201.8666667,0,0,0,0,0,5,0,6,5,1,1,0,0,2,1,1,0,0,1,2,4,5,5,13,4,6,40
2017,Ryan Reaves,STL,R,80,0.1,0,0,0,0,0,0,0,0,0,0,0,0,0,20,2,0,0,2,10,0,0,0,0,0,0,0,-
2017,Anton Stralman,T.B,D,73,191.45,0,0,0,0,0,2,0,4,3,0,0,0,1,2,1,1,0,0,0,2,5,9,3,16,0,0,-
2017,Patric Hornqvist,PIT,R,70,1.766666667,0,0,0,0,0,1,0,2,2,0,0,0,0,0,0,0,0,0,0,0,0,0,0,0,0,0,-
2017,Andrew Desjardins,CHI,"C, L",46,30.01666667,0,0,0,0,0,3,0,4,3,3,0,1,0,0,0,0,0,0,0,0,0,0,0,5,4,2,66.67
2017,David Desharnais,"EDM, MTL",C,49,0.866666667,0,0,0,0,0,0,0,0,0,0,0,0,0,0,0,0,0,0,1,0,0,0,0,0,0,1,0
2017,Stephen Gionta,NYI,R,26,33.85,0,0,0,0,0,2,0,3,2,2,0,0,0,0,0,0,0,0,0,1,0,2,0,2,12,18,40
2017,Bryan Little,WPG,C,59,68.15,0,0,0,0,0,6,0,8,7,6,2,1,1,2,1,1,0,0,0,2,2,1,0,3,29,53,35.37
2017,Alex Biega,VAN,D,36,23.11666667,0,0,0,0,0,0,0,0,0,0,0,0,0,0,0,0,0,0,0,0,0,2,0,1,0,0,-
2017,Nick Foligno,CBJ,L,79,47.16666667,0,0,0,0,0,1,0,2,2,0,0,0,0,4,2,2,0,0,4,1,2,1,1,1,10,12,45.45
2017,Derek Dorsett,VAN,R,14,5.066666667,0,0,0,0,0,0,0,0,0,0,0,0,0,2,1,1,0,0,1,0,0,1,1,0,0,0,-
2017,Erik Johnson,COL,D,46,129.2333333,0,0,0,0,0,6,0,9,7,2,1,1,0,0,0,0,0,0,0,2,3,12,0,25,0,0,-
2017,Kyle Okposo,BUF,R,65,9.05,0,0,0,0,0,0,0,0,0,0,0,0,0,0,0,0,0,0,1,0,0,0,0,0,0,0,-
2017,Trevor Lewis,L.A,C,82,101.2666667,0,0,0,0,0,6,0,12,11,4,3,1,0,0,0,0,0,0,2,1,4,4,3,5,3,5,37.5
2017,Jamie McGinn,ARI,L,72,1.033333333,0,0,0,0,0,0,0,0,0,0,0,0,0,0,0,0,0,0,1,0,0,0,0,0,0,0,-
2017,Ryan White,"ARI, MIN",C,65,18.88333333,0,0,0,0,0,0,0,0,0,0,0,0,0,10,1,0,0,1,5,0,0,1,0,0,3,5,37.5
2017,Eric Gryba,EDM,D,40,52.43333333,0,0,0,0,0,0,0,0,0,0,0,0,0,6,3,3,0,0,4,1,1,13,1,5,0,0,-
2017,Milan Lucic,EDM,L,82,0.666666667,0,0,0,0,0,0,0,0,0,0,0,0,0,5,1,0,1,0,5,0,0,0,0,0,0,1,0
2017,Chris Stewart,MIN,R,79,0.216666667,0,0,0,0,0,0,0,0,0,0,0,0,0,2,1,1,0,0,7,0,0,0,0,0,0,0,-
2017,Matt Beleskey,BOS,L,49,25.1,0,0,0,0,0,3,0,4,3,3,0,0,0,0,0,0,0,0,2,0,1,6,3,2,2,3,40
2017,Cal Clutterbuck,NYI,R,66,136.95,0,0,0,0,0,6,0,9,8,6,3,2,0,0,0,0,0,0,5,2,5,9,5,6,1,2,33.33
2017,Jeff Petry,MTL,D,80,144.0333333,0,0,0,0,0,1,0,3,3,0,0,0,0,4,2,2,0,0,0,10,1,19,2,19,0,0,-
2017,Patrik Berglund,STL,C,82,102.4166667,0,0,0,0,0,7,0,12,11,7,4,1,0,0,0,0,0,0,2,1,5,3,1,6,40,58,40.82
2017,Derick Brassard,OTT,C,81,6.75,0,0,0,0,0,0,0,0,0,0,0,0,0,0,0,0,0,0,0,0,0,0,0,0,4,3,57.14
2017,Phil Kessel,PIT,"C, R",82,1.683333333,0,0,0,0,0,0,0,0,0,0,0,0,0,2,1,1,0,0,0,0,0,0,0,0,0,0,-
2017,Korbinian Holzer,ANA,D,32,27.51666667,0,0,0,0,0,0,0,0,0,0,0,0,0,0,0,0,0,0,0,1,2,6,0,4,0,0,-
2017,Nicklas Backstrom,WSH,C,82,57.75,0,0,0,0,0,1,0,2,2,1,0,0,0,0,0,0,0,0,2,1,1,3,0,3,13,35,27.08
2017,Brian Strait,WPG,D,5,1.533333333,0,0,0,0,0,0,0,0,0,0,0,0,0,0,0,0,0,0,0,0,0,0,0,1,0,0,-
2017,Artem Anisimov,CHI,C,64,53.16666667,0,0,0,0,0,3,0,3,3,3,1,2,0,4,2,2,0,0,0,0,1,2,2,4,13,19,40.63
2017,Erik Condra,T.B,R,13,2.3,0,0,0,0,0,0,0,0,0,0,0,0,0,0,0,0,0,0,0,0,0,1,0,1,0,0,-
2017,Jonathan Toews,CHI,C,72,93.48333333,0,0,0,0,0,1,0,2,1,2,1,0,0,0,0,0,0,0,0,2,2,1,2,5,76,76,50
2017,Mathieu Perreault,WPG,C,65,1.833333333,0,0,0,0,0,0,0,0,0,0,0,0,0,2,1,1,0,0,1,0,0,1,0,0,0,1,0
2017,David Schlemko,S.J,D,62,27.6,0,0,0,0,0,0,0,0,0,0,0,0,0,0,0,0,0,0,1,1,0,1,0,5,0,0,-
2017,Ben Lovejoy,N.J,D,82,269.1833333,0,0,0,0,0,3,0,3,3,0,0,1,0,9,3,2,1,0,2,5,4,10,1,36,0,0,-
2017,Teddy Purcell,L.A,"L, R",12,0.316666667,0,0,0,0,0,0,0,0,0,0,0,0,0,0,0,0,0,0,0,0,0,0,0,0,0,0,-
2017,Karl Alzner,WSH,D,82,251.2166667,0,0,0,0,0,4,0,5,5,0,0,0,0,0,0,0,0,0,1,13,7,17,4,38,0,0,-
2017,Justin Falk,BUF,D,52,38.95,0,0,0,0,0,0,0,0,0,0,0,0,0,0,0,0,0,0,1,1,0,1,0,11,0,0,-
2017,Steven Kampfer,"FLA, NYR",D,11,1.3,0,0,0,0,0,0,0,0,0,0,0,0,0,0,0,0,0,0,0,0,0,0,0,0,0,0,-
2017,Paul Carey,WSH,C,6,3.35,0,0,0,0,0,1,0,1,1,0,0,0,0,0,0,0,0,0,0,0,0,0,0,0,0,0,-
2017,Ian Cole,PIT,D,81,195.5,0,0,0,0,0,0,0,2,2,0,0,0,1,4,2,2,0,0,2,7,6,12,5,44,0,0,-
2017,Patrick Maroon,EDM,L,81,1.066666667,0,0,0,0,0,0,0,0,0,0,0,0,0,0,0,0,0,0,8,0,0,0,0,0,0,0,-
2017,James van Riemsdyk,TOR,L,82,1.55,0,0,0,0,0,0,0,0,0,0,0,0,0,0,0,0,0,0,2,0,0,0,0,0,0,0,-
2017,Sam Gagner,CBJ,C,81,1.1,0,0,0,0,0,0,0,0,0,0,0,0,0,0,0,0,0,0,1,0,0,0,0,0,0,0,-
2017,Chris Terry,MTL,L,14,3.266666667,0,0,0,0,0,0,0,0,0,0,0,0,0,0,0,0,0,0,0,0,0,1,1,0,0,0,-
2017,Thomas Hickey,NYI,D,76,140.5,0,0,0,0,0,0,0,3,2,2,0,0,0,2,1,1,0,0,1,5,2,8,1,30,0,0,-
2017,Kyle Turris,OTT,C,78,56.1,0,0,0,0,0,5,0,8,6,7,2,2,0,2,1,1,0,0,2,0,2,0,2,9,28,22,56
2017,Paul Postma,WPG,D,65,2.133333333,0,0,0,0,0,0,0,0,0,0,0,0,0,0,0,0,0,0,0,0,0,0,0,0,0,0,-
2017,Brendan Smith,"DET, NYR",D,51,95.86666667,0,0,0,0,0,0,0,0,0,0,0,0,0,4,2,2,0,0,5,4,1,5,5,10,0,0,-
2017,Brandon Sutter,VAN,C,81,152.9833333,0,0,0,0,0,8,0,11,10,8,2,2,0,2,1,1,0,0,4,6,7,3,1,13,104,105,49.76
2017,Dwight King,"L.A, MTL",L,80,110.0666667,0,0,0,0,0,6,0,8,6,5,1,0,1,0,0,0,0,0,1,1,2,1,1,10,0,1,0
2017,Carl Gunnarsson,STL,D,56,45.35,0,0,0,0,0,0,0,0,0,0,0,0,0,0,0,0,0,0,0,2,0,0,1,6,0,0,-
2017,Yannick Weber,NSH,D,73,13.05,0,0,0,0,0,0,0,0,0,0,0,0,0,0,0,0,0,0,0,1,0,1,1,0,0,0,-
2017,Patrick Kane,CHI,R,82,6.233333333,0,0,0,0,0,0,0,0,0,0,0,0,0,0,0,0,0,0,1,1,1,0,0,0,0,1,0
2017,Robert Bortuzzo,STL,D,38,33.25,0,0,0,0,0,0,0,0,0,0,0,0,0,0,0,0,0,0,1,0,0,4,2,4,0,0,-
2017,Jakub Voracek,PHI,R,82,2.2,0,0,0,0,0,0,0,0,0,0,0,0,0,0,0,0,0,0,0,0,0,0,0,0,0,0,-
2017,Jake Muzzin,L.A,D,82,175.6166667,0,0,0,0,0,3,0,8,7,2,0,0,0,0,0,0,0,0,1,11,5,22,3,27,0,0,-
2017,Micheal Haley,S.J,C,58,0.966666667,0,0,0,0,0,0,0,0,0,0,0,0,0,2,1,1,0,0,11,0,0,1,0,0,0,0,-
2017,Jason Garrison,T.B,D,70,151.7333333,0,0,0,0,0,1,0,3,2,0,0,0,0,0,0,0,0,0,1,5,1,12,3,17,0,0,-
2017,Steven Stamkos,T.B,C,17,12.28333333,0,0,0,0,0,0,0,0,0,0,0,0,0,0,0,0,0,0,0,0,3,1,0,1,5,8,38.46
2017,Alex Pietrangelo,STL,D,80,241.3833333,0,0,0,0,0,9,0,12,12,3,0,2,0,6,3,3,0,0,1,7,10,4,7,32,0,0,-
2017,Zach Bogosian,BUF,D,56,98.31666667,0,0,0,0,0,1,0,2,2,0,0,0,0,2,1,1,0,0,5,3,0,1,0,10,0,0,-
2017,Luke Schenn,ARI,D,78,175.8166667,0,0,0,0,0,2,0,3,3,0,0,0,0,19,4,2,1,1,7,4,2,17,2,28,0,0,-
2017,Colin Wilson,NSH,"C, L",70,1.7,0,0,0,0,0,0,0,0,0,0,0,0,0,0,0,0,0,0,0,0,0,0,0,0,0,0,-
2017,Josh Bailey,NYI,"C, R",82,34.2,0,0,0,0,0,1,0,2,1,1,1,0,0,0,0,0,0,0,0,0,2,1,0,4,3,2,60
2017,Joe Colborne,COL,C,62,29.33333333,0,0,0,0,0,1,0,1,1,1,0,0,0,4,2,2,0,0,2,1,1,0,1,1,5,3,62.5
2017,Luca Sbisa,VAN,D,82,181.1166667,0,0,0,0,0,2,0,4,3,2,0,0,0,0,0,0,0,0,3,5,2,6,3,17,0,0,-
2017,Jake Gardiner,TOR,D,82,25.73333333,0,0,0,0,0,0,0,0,0,0,0,0,0,0,0,0,0,0,0,0,0,3,1,2,0,0,-
2017,Jordan Eberle,EDM,"C, R",82,1.166666667,0,0,0,0,0,0,0,0,0,0,0,0,0,0,0,0,0,0,0,0,0,0,1,0,0,0,-
2017,Cody Goloubef,COL,D,33,57.81666667,0,0,0,0,0,1,0,1,1,0,0,0,0,2,1,1,0,0,2,1,0,2,1,5,0,0,-
2017,Justin Schultz,PIT,D,78,5.783333333,0,0,0,0,0,0,0,1,0,0,0,0,0,0,0,0,0,0,0,0,1,0,0,1,0,0,-
2017,Patrick Wiercioch,COL,D,57,80.18333333,0,0,0,0,0,0,0,0,0,0,0,0,0,0,0,0,0,0,1,0,0,3,0,4,0,0,-
2017,Cameron Gaunce,PIT,D,12,12.38333333,0,0,0,0,0,0,0,0,0,0,0,0,0,2,1,1,0,0,2,0,1,0,0,2,0,0,-
2017,Travis Hamonic,NYI,D,49,110.9333333,0,0,0,0,0,2,0,3,2,0,0,1,0,4,2,2,0,0,2,7,1,1,0,21,0,0,-
2017,Marco Scandella,MIN,D,71,119.1166667,0,0,0,0,0,2,0,4,2,0,0,0,1,2,1,1,0,0,0,1,7,3,3,11,0,0,-
2017,Jimmy Hayes,BOS,R,58,0.266666667,0,0,0,0,0,1,0,1,1,1,1,0,0,0,0,0,0,0,2,0,0,0,0,0,0,0,-
2017,Jori Lehtera,STL,C,64,27.45,0,0,0,0,0,0,0,0,0,0,0,0,0,0,0,0,0,0,2,0,0,0,1,4,3,15,16.67
2017,Michael Stone,"ARI, CGY",D,64,118.4333333,0,0,0,0,0,2,0,3,3,0,0,0,0,0,0,0,0,0,0,3,1,6,0,31,0,0,-
2017,Lance Bouma,CGY,"C, L",61,98.46666667,0,0,0,0,0,5,0,10,8,5,2,1,0,5,1,0,1,0,3,0,3,1,0,9,1,2,33.33
2017,David Warsofsky,PIT,D,7,5.716666667,0,0,0,0,0,2,0,2,2,0,0,0,0,0,0,0,0,0,0,1,0,2,0,0,0,0,-
2017,Dale Weise,PHI,R,64,0.516666667,0,0,0,0,0,0,0,0,0,0,0,0,0,0,0,0,0,0,2,0,0,0,0,0,0,0,-
2017,Gustav Nyquist,DET,"C, R",76,1.416666667,0,0,0,0,0,0,0,0,0,0,0,0,0,0,0,0,0,0,0,0,0,0,0,2,0,0,-
2017,Derek Grant,"BUF, NSH",C,46,100.4,0,0,0,0,0,1,0,3,3,1,1,0,0,7,2,1,1,0,1,4,5,2,0,11,29,33,46.77
2017,Greg Pateryn,"DAL, MTL",D,36,24.36666667,0,0,0,0,0,1,0,1,1,0,0,0,0,4,2,2,0,0,0,0,1,0,1,7,0,0,-
2017,Mark Borowiecki,OTT,D,70,50.4,0,0,0,0,0,0,0,0,0,0,0,0,0,0,0,0,0,0,12,3,1,10,3,10,0,0,-
2017,Philip Larsen,VAN,D,26,0.816666667,0,0,0,0,0,0,0,0,0,0,0,0,0,0,0,0,0,0,0,0,0,0,0,0,0,0,-
2017,Matt Martin,TOR,L,82,27.26666667,0,0,0,0,0,4,0,4,4,3,2,0,1,4,2,2,0,0,14,0,2,5,0,2,0,3,0
2017,Mark Barberio,"COL, MTL",D,60,30.25,0,0,0,0,0,1,0,1,1,0,0,0,0,0,0,0,0,0,0,5,1,0,0,2,0,0,-
2017,Luke Witkowski,T.B,D,34,1.083333333,0,0,0,0,0,0,0,0,0,0,0,0,0,0,0,0,0,0,2,0,1,0,0,0,0,0,-
2017,Ben Smith,"COL, TOR",R,40,87.36666667,0,0,0,0,0,0,0,1,0,0,0,0,0,0,0,0,0,0,0,0,3,1,2,15,64,80,44.44
2017,Tommy Wingels,"OTT, S.J",C,73,51.85,0,0,0,0,0,1,0,1,1,0,0,0,0,0,0,0,0,0,2,0,1,1,0,7,5,8,38.46
2017,Zach Redmond,MTL,D,16,0.983333333,0,0,0,0,0,0,0,0,0,0,0,0,0,0,0,0,0,0,0,0,0,0,0,0,0,0,-
2017,Matt Bartkowski,CGY,D,24,10.63333333,0,0,0,0,0,0,0,0,0,0,0,0,0,15,2,0,1,1,2,0,0,1,0,0,0,0,-
2017,Dalton Prout,"CBJ, N.J",D,29,25.81666667,0,0,0,0,0,1,0,1,1,0,0,0,1,17,3,1,1,1,2,2,0,3,0,2,0,0,-
2017,Antoine Roussel,DAL,L,60,120.1666667,0,0,0,0,0,5,0,5,5,4,2,0,1,16,4,3,0,1,10,2,3,7,3,11,0,0,-
2017,Tyler Johnson,T.B,C,66,134.2,0,0,0,0,0,7,0,9,8,5,2,2,1,0,0,0,0,0,0,3,5,2,3,5,68,66,50.75
2017,Brian Lashoff,DET,D,5,1.633333333,0,0,0,0,0,0,0,0,0,0,0,0,0,0,0,0,0,0,0,0,0,0,0,0,0,0,-
2017,Mike Hoffman,OTT,"C, L",74,2.066666667,0,0,0,0,0,0,0,0,0,0,0,0,0,10,1,0,0,1,0,0,0,0,0,0,0,0,-
2017,Tyler Bozak,TOR,C,78,3.55,0,0,0,0,0,0,0,0,0,0,0,0,0,0,0,0,0,0,1,0,2,0,0,0,8,7,53.33
2017,Jordan Schroeder,MIN,C,37,0.05,0,0,0,0,0,0,0,0,0,0,0,0,0,0,0,0,0,0,0,0,0,0,0,0,0,0,-
2017,Marcus Johansson,WSH,L,82,3.116666667,0,0,0,0,0,0,0,0,0,0,0,0,0,0,0,0,0,0,1,0,1,1,0,0,0,0,-
2017,Simon Despres,ANA,D,1,2.816666667,0,0,0,0,0,0,0,0,0,0,0,0,0,0,0,0,0,0,0,0,0,0,0,0,0,0,-
2017,Kyle Clifford,L.A,L,73,1.583333333,0,0,0,0,0,0,0,0,0,0,0,0,0,0,0,0,0,0,8,0,0,0,0,0,0,0,-
2017,Anton Lander,EDM,C,22,41.85,0,0,0,0,0,1,0,2,1,1,0,0,0,2,1,1,0,0,0,0,2,1,1,6,17,17,50
2017,Victor Hedman,T.B,D,79,162.4666667,0,0,0,0,0,3,0,4,4,1,0,0,0,2,1,1,0,0,4,1,5,10,2,15,0,0,-
2017,Evander Kane,BUF,L,70,91.46666667,0,0,0,0,0,5,0,8,6,4,3,0,0,26,5,3,0,2,7,2,4,1,1,5,4,4,50
2017,Brayden Schenn,PHI,C,79,0.983333333,0,0,0,0,0,0,0,0,0,0,0,0,0,0,0,0,0,0,1,0,0,0,0,0,0,0,-
2017,Oliver Ekman-Larsson,ARI,D,79,127.45,0,0,0,0,0,1,0,2,2,0,0,0,0,4,2,2,0,0,3,0,2,7,2,14,0,0,-
2017,Nazem Kadri,TOR,C,82,3.833333333,0,0,0,0,0,0,0,0,0,0,0,0,0,7,2,1,1,0,3,0,0,0,0,0,4,1,80
2017,Magnus Paajarvi,STL,L,32,21.7,0,0,0,0,0,0,0,0,0,0,0,0,0,0,0,0,0,0,0,0,1,0,0,1,0,0,-
2017,Calvin de Haan,NYI,D,82,155.5833333,0,0,0,0,0,2,0,4,2,0,0,1,0,10,2,0,2,0,2,2,2,12,2,36,0,0,-
2017,Zack Kassian,EDM,R,79,87.15,0,0,0,0,0,4,0,6,6,4,3,1,0,16,4,3,0,1,6,6,1,3,1,5,0,1,0
2017,Dmitry Kulikov,BUF,D,47,75.41666667,0,0,0,0,0,1,0,1,1,0,0,0,0,0,0,0,0,0,1,2,2,1,2,10,0,0,-
2017,Peter Holland,"ARI, TOR",C,48,6.483333333,0,0,0,0,0,1,0,1,1,0,0,0,0,2,1,1,0,0,0,1,0,0,0,1,2,3,40
2017,Nick Leddy,NYI,D,81,61.06666667,0,0,0,0,0,0,0,1,0,1,0,0,0,0,0,0,0,0,0,2,0,9,0,9,0,0,-
2017,Chris Kreider,NYR,"C, L",75,0.583333333,0,0,0,0,0,0,0,0,0,0,0,0,0,0,0,0,0,0,2,0,0,1,0,0,0,0,-
2017,Jacob Josefson,N.J,C,38,22,0,0,0,0,0,0,0,0,0,0,0,0,0,0,0,0,0,0,0,0,1,0,1,0,6,3,66.67
2017,John Moore,N.J,D,63,116.2,0,0,0,0,0,1,0,2,2,1,0,0,0,9,3,2,1,0,2,3,1,5,2,10,0,0,-
2017,Brayden McNabb,L.A,D,49,28.11666667,0,0,0,0,0,0,0,1,0,1,0,0,0,0,0,0,0,0,2,1,0,4,0,5,0,0,-
2017,Tomas Tatar,DET,"C, L",82,1.65,0,0,0,0,0,0,0,0,0,0,0,0,0,0,0,0,0,0,1,0,0,0,0,0,0,0,-
2017,Tyson Barrie,COL,D,74,36.78333333,0,0,0,0,0,2,0,2,2,1,1,0,0,0,0,0,0,0,1,3,0,0,0,1,0,0,-
2017,Eric Gelinas,COL,D,27,3.216666667,0,0,0,0,0,0,0,0,0,0,0,0,0,0,0,0,0,0,0,0,0,0,0,0,0,0,-
2017,Dmitry Orlov,WSH,D,82,20.53333333,0,0,0,0,0,1,0,2,1,0,0,0,0,2,1,1,0,0,1,1,0,0,0,1,0,0,-
2017,Brandon Pirri,NYR,"C, R",60,0.533333333,0,0,0,0,0,0,0,0,0,0,0,0,0,5,1,0,1,0,1,0,0,1,0,0,0,0,-
2017,Brian Dumoulin,PIT,D,70,128.9833333,0,0,0,0,0,2,0,2,2,1,1,0,0,2,1,1,0,0,0,4,2,7,1,14,0,0,-
2017,Richard Panik,CHI,R,82,0.433333333,0,0,0,0,0,0,0,0,0,0,0,0,0,0,0,0,0,0,6,0,0,0,0,0,0,0,-
2017,Drew Shore,VAN,C,14,11.21666667,0,0,0,0,0,0,0,0,0,0,0,0,0,0,0,0,0,0,0,0,0,1,1,0,4,1,80
2017,Sami Vatanen,ANA,D,71,153.2166667,0,0,0,0,0,3,0,5,5,1,0,0,1,0,0,0,0,0,2,3,1,3,3,23,0,0,-
2017,Craig Smith,NSH,"C, R",78,1.266666667,0,0,0,0,0,1,0,1,1,1,1,0,0,0,0,0,0,0,1,0,0,0,0,0,1,1,50
2017,Chris Wideman,OTT,D,76,5.666666667,0,0,0,0,0,0,0,0,0,0,0,0,0,0,0,0,0,0,0,0,0,0,0,1,0,0,-
2017,Casey Cizikas,NYI,C,59,126.7166667,0,0,0,0,0,8,0,8,8,7,6,1,1,2,1,1,0,0,6,1,10,6,1,16,62,82,43.06
2017,Nicolas Deslauriers,BUF,L,42,1.3,0,0,0,0,0,0,0,0,0,0,0,0,0,2,1,1,0,0,5,0,0,0,0,0,0,0,-
2017,Cody Eakin,DAL,C,60,102.6333333,0,0,0,0,0,4,0,6,6,2,0,1,0,15,2,0,1,1,3,4,5,3,0,8,51,54,48.57
2017,Kevin Connauton,ARI,D,24,19.85,0,0,0,0,0,0,0,0,0,0,0,0,0,12,2,1,0,1,0,1,1,1,0,2,0,0,-
2017,Gabriel Dumont,T.B,C,39,12.88333333,0,0,0,0,0,1,0,1,1,0,0,0,0,7,2,1,1,0,2,1,1,0,0,1,19,13,59.38
2017,Wade Megan,STL,C,3,1.333333333,0,0,0,0,0,0,0,0,0,0,0,0,0,0,0,0,0,0,0,0,0,0,0,0,1,1,50
2017,Gabriel Bourque,COL,L,6,13.23333333,0,0,0,0,0,2,0,2,2,2,0,0,0,0,0,0,0,0,0,0,1,0,1,1,0,0,-
2017,Seth Helgeson,N.J,D,9,9.533333333,0,0,0,0,0,0,0,0,0,0,0,0,0,0,0,0,0,0,2,0,0,1,0,2,0,0,-
2017,Byron Froese,"T.B, TOR",C,6,1.283333333,0,0,0,0,0,0,0,0,0,0,0,0,0,0,0,0,0,0,0,0,0,0,0,0,2,2,50
2017,Ben Chiarot,WPG,D,59,116.6833333,0,0,0,0,0,3,0,3,3,0,0,0,0,4,2,2,0,0,0,8,1,6,2,19,0,0,-
2017,Erik Haula,MIN,"C, L",72,77.16666667,0,0,0,0,0,6,0,7,7,2,0,0,0,10,1,0,0,1,1,2,4,0,2,6,17,27,38.64
2017,Curtis McKenzie,DAL,L,53,52.58333333,0,0,0,0,0,2,0,5,4,3,1,0,0,12,2,1,0,1,4,1,3,3,2,3,0,0,-
2017,Anders Lee,NYI,"C, L",81,0.65,0,0,0,0,0,0,0,0,0,0,0,0,0,0,0,0,0,0,1,0,0,0,0,0,0,0,-
2017,Marcus Kruger,CHI,C,70,155.0166667,0,0,0,0,0,12,0,16,12,7,2,0,0,4,2,2,0,0,2,2,3,2,2,13,29,65,30.85
2017,Jordan Nolan,L.A,C,46,0.716666667,0,0,0,0,0,0,0,0,0,0,0,0,0,9,3,2,1,0,4,0,0,0,0,0,0,0,-
2017,Nic Dowd,L.A,C,70,3.916666667,0,0,0,0,0,0,0,0,0,0,0,0,0,0,0,0,0,0,0,0,0,0,0,1,0,3,0
2017,Justin Dowling,DAL,C,9,1.016666667,0,0,0,0,0,0,0,0,0,0,0,0,0,0,0,0,0,0,0,0,0,0,0,0,0,1,0
2017,Brenden Dillon,S.J,D,81,65.26666667,0,0,0,0,0,0,0,0,0,0,0,0,0,2,1,1,0,0,5,1,1,7,0,5,0,0,-
2017,Radko Gudas,PHI,D,67,127.7666667,0,0,0,0,0,7,0,9,9,2,1,0,0,2,1,1,0,0,6,2,2,34,4,12,0,0,-
2017,Shane Harper,FLA,R,14,0.2,0,0,0,0,0,0,0,0,0,0,0,0,0,0,0,0,0,0,0,0,0,0,0,0,0,0,-
2017,Nate Prosser,MIN,D,39,23.3,0,0,0,0,0,0,0,0,0,0,0,0,0,2,1,1,0,0,0,0,0,0,1,7,0,0,-
2017,Christopher Tanev,VAN,D,53,153.1666667,0,0,0,0,0,1,0,1,1,0,0,0,0,0,0,0,0,0,0,3,3,4,4,26,0,0,-
2017,Mats Zuccarello,NYR,"C, R",80,34.61666667,0,0,0,0,0,1,0,4,2,0,0,0,0,0,0,0,0,0,1,1,3,0,2,3,1,0,100
2017,Oscar Lindberg,NYR,C,65,8.816666667,0,0,0,0,0,0,0,0,0,0,0,0,0,2,1,1,0,0,1,0,0,2,0,1,6,8,42.86
2017,Jason Zucker,MIN,L,79,48.43333333,0,0,0,0,0,3,0,3,3,2,2,1,0,0,0,0,0,0,2,0,5,2,2,3,0,1,0
2017,Johan Larsson,BUF,"C, L",36,44.78333333,0,0,0,0,0,0,0,0,0,0,0,0,0,0,0,0,0,0,2,1,3,0,1,4,11,12,47.83
2017,Stephen Johns,DAL,D,61,124.4,0,0,0,0,0,2,0,5,4,0,0,0,0,0,0,0,0,0,4,2,3,9,2,24,0,0,-
2017,Greg McKegg,"FLA, T.B",C,46,21.23333333,0,0,0,0,0,1,0,1,1,0,0,0,0,5,1,0,1,0,2,1,0,0,1,0,3,3,50
2017,Jordan Weal,PHI,C,23,0.45,0,0,0,0,0,0,0,0,0,0,0,0,0,0,0,0,0,0,0,0,0,0,0,0,0,0,-
2017,Evgeny Kuznetsov,WSH,C,82,2.983333333,0,0,0,0,0,0,0,1,1,1,0,1,0,2,1,1,0,0,0,0,0,0,0,0,2,1,66.67
2017,Charlie Coyle,MIN,C,82,29.6,0,0,0,0,0,1,0,1,1,1,1,0,0,0,0,0,0,0,2,1,1,2,0,3,1,0,100
2017,Patrik Nemeth,DAL,D,40,40.8,0,0,0,0,0,0,0,1,1,1,1,0,0,0,0,0,0,0,1,1,0,2,0,3,0,0,-
2017,Jon Merrill,N.J,D,51,75.36666667,0,0,0,0,0,2,0,2,2,0,0,1,1,0,0,0,0,0,0,1,1,1,2,7,0,0,-
2017,Tyler Pitlick,EDM,"C, R",31,4.366666667,0,0,0,0,0,1,0,1,1,1,1,0,0,0,0,0,0,0,1,0,0,0,0,0,1,0,100
2017,Justin Faulk,CAR,D,75,54.63333333,0,0,0,0,0,3,0,4,3,2,0,1,0,4,2,2,0,0,1,3,1,5,1,2,0,0,-
2017,Alex Petrovic,FLA,D,49,64.3,0,0,0,0,0,2,0,2,2,0,0,0,0,2,1,1,0,0,4,5,1,1,2,4,0,0,-
2017,Devante Smith-Pelly,N.J,R,53,66.46666667,0,0,0,0,0,1,0,1,1,0,0,0,0,0,0,0,0,0,1,2,2,0,0,5,3,10,23.08
2017,Nick Bjugstad,FLA,C,54,0.85,0,0,0,0,0,0,0,0,0,0,0,0,0,0,0,0,0,0,2,0,0,0,0,1,0,1,0
2017,Beau Bennett,N.J,R,65,1.15,0,0,0,0,0,0,0,0,0,0,0,0,0,0,0,0,0,0,0,0,0,0,0,0,0,0,-
2017,Vladimir Tarasenko,STL,R,82,14.46666667,0,0,0,0,0,3,0,3,3,2,1,0,0,2,1,1,0,0,1,1,1,0,0,1,1,0,100
2017,Jaden Schwartz,STL,"C, L",78,84.83333333,0,0,0,0,0,9,0,9,9,8,4,2,0,0,0,0,0,0,0,1,3,0,1,7,4,5,44.44
2017,Emerson Etem,ANA,"L, R",3,0.933333333,0,0,0,0,0,0,0,0,0,0,0,0,0,0,0,0,0,0,0,0,0,0,0,0,0,0,-
2017,Riley Sheahan,DET,C,80,68.46666667,0,0,0,0,0,5,0,7,6,2,0,0,1,0,0,0,0,0,0,2,1,2,1,3,11,13,45.83
2017,Petter Granberg,NSH,D,10,3.433333333,0,0,0,0,0,0,0,0,0,0,0,0,0,2,1,1,0,0,1,0,0,0,0,0,0,0,-
2017,Chris Wagner,ANA,"C, R",43,60.18333333,0,0,0,0,0,2,0,6,4,4,2,3,0,0,0,0,0,0,2,1,2,4,0,9,5,9,35.71
2017,Jeff Skinner,CAR,"C, L",79,1.516666667,0,0,0,0,0,0,0,0,0,0,0,0,0,0,0,0,0,0,0,0,0,0,0,0,0,0,-
2017,Erik Gudbranson,VAN,D,30,79.85,0,0,0,0,0,2,0,2,2,0,0,0,0,0,0,0,0,0,4,4,0,2,0,12,0,0,-
2017,Taylor Hall,N.J,L,72,20.06666667,0,0,0,0,0,2,0,2,2,1,0,0,0,2,1,1,0,0,2,0,0,1,1,2,0,1,0
2017,Brett Connolly,WSH,R,66,2.333333333,0,0,0,0,0,0,0,0,0,0,0,0,0,2,1,1,0,0,1,0,0,0,0,0,0,0,-
2017,Tyler Seguin,DAL,C,82,2.633333333,0,0,0,0,0,0,0,0,0,0,0,0,0,0,0,0,0,0,0,0,0,0,0,0,0,2,0
2017,Dylan McIlrath,"FLA, NYR",D,6,1.1,0,0,0,0,0,0,0,0,0,0,0,0,0,2,1,1,0,0,2,0,0,0,0,0,0,0,-
2017,Mark Pysyk,FLA,D,82,231.75,0,0,0,0,0,1,0,4,4,1,1,0,0,0,0,0,0,0,1,3,4,8,0,23,0,0,-
2017,Nino Niederreiter,MIN,R,82,0.15,0,0,0,0,0,0,0,0,0,0,0,0,0,10,1,0,0,1,2,0,0,0,0,0,0,0,-
2017,Michael Chaput,VAN,C,68,32.8,0,0,0,0,0,1,0,2,1,1,0,0,0,0,0,0,0,0,0,0,3,0,0,1,1,2,33.33
2017,Julian Melchiori,WPG,D,18,14.28333333,0,0,0,0,0,1,0,1,1,0,0,0,0,0,0,0,0,0,0,2,0,0,0,4,0,0,-
2017,Joonas Donskoi,S.J,R,61,0.233333333,0,0,0,0,0,0,0,0,0,0,0,0,0,0,0,0,0,0,0,0,0,0,0,0,0,0,-
2017,Marcus Sorensen,S.J,R,19,12.08333333,0,0,0,0,0,0,0,0,0,0,0,0,0,0,0,0,0,0,1,0,0,0,1,0,0,0,-
2017,Brendan Gallagher,MTL,R,64,1.933333333,0,0,0,0,0,0,0,0,0,0,0,0,0,0,0,0,0,0,2,0,0,0,0,0,0,0,-
2017,Jesper Fast,NYR,R,68,106.05,0,0,0,0,0,3,0,3,3,2,2,1,0,2,1,1,0,0,0,1,5,5,3,7,7,21,25
2017,Kevin Gravel,L.A,D,49,25.55,0,0,0,0,0,0,0,0,0,0,0,0,0,2,1,1,0,0,0,1,0,1,1,4,0,0,-
2017,Anthony Bitetto,NSH,D,29,7.95,0,0,0,0,0,0,0,0,0,0,0,0,0,0,0,0,0,0,0,0,0,2,0,0,0,0,-
2017,Brandon Davidson,"EDM, MTL",D,38,33.21666667,0,0,0,0,0,0,0,0,0,0,0,0,0,0,0,0,0,0,0,1,0,1,1,4,0,0,-
2017,Freddie Hamilton,CGY,C,26,8.983333333,0,0,0,0,0,1,0,1,1,0,0,0,0,0,0,0,0,0,0,0,0,0,0,0,5,3,62.5
2017,John Klingberg,DAL,D,80,20.91666667,0,0,0,0,0,0,0,0,0,0,0,0,0,0,0,0,0,0,0,1,0,0,0,0,0,0,-
2017,Micheal Ferland,CGY,L,76,2.766666667,0,0,0,0,0,0,0,0,0,0,0,0,0,2,1,1,0,0,3,0,0,0,0,0,0,0,-
2017,Mark Stone,OTT,R,71,4.466666667,0,0,0,0,0,0,0,0,0,0,0,0,0,0,0,0,0,0,2,0,2,0,0,0,0,0,-
2017,Marek Hrivik,NYR,L,16,4.833333333,0,0,0,0,0,0,0,0,0,0,0,0,0,0,0,0,0,0,0,0,1,0,0,0,0,0,-
2017,Michael Sgarbossa,"ANA, FLA",C,38,4.566666667,0,0,0,0,0,0,0,0,0,0,0,0,0,0,0,0,0,0,1,0,0,0,0,0,0,3,0
2017,Harry Zolnierczyk,NSH,L,24,1.083333333,0,0,0,0,0,0,0,0,0,0,0,0,0,0,0,0,0,0,0,0,0,0,0,0,2,0,100
2017,Steve Oleksy,PIT,D,11,12.6,0,0,0,0,0,0,0,0,0,0,0,0,0,0,0,0,0,0,3,0,0,2,1,2,0,0,-
2017,Taylor Fedun,BUF,D,27,0.15,0,0,0,0,0,0,0,0,0,0,0,0,0,0,0,0,0,0,0,0,0,0,0,0,0,0,-
2017,Paul Thompson,FLA,R,21,0.166666667,0,0,0,0,0,0,0,0,0,0,0,0,0,2,1,1,0,0,2,0,0,0,0,0,0,0,-
2017,Jyrki Jokipakka,"CGY, OTT",D,41,7.7,0,0,0,0,0,0,0,0,0,0,0,0,0,0,0,0,0,0,0,0,0,1,0,0,0,0,-
2017,Matthew Peca,T.B,C,10,0.1,0,0,0,0,0,0,0,0,0,0,0,0,0,0,0,0,0,0,0,0,0,0,0,0,0,0,-
2017,Ondrej Palat,T.B,L,75,127.75,0,0,0,0,0,4,0,5,5,4,3,0,0,5,1,0,1,0,6,3,9,4,4,21,0,1,0
2017,Scott Wilson,PIT,"C, L",78,2.616666667,0,0,0,0,0,0,0,0,0,0,0,0,0,10,1,0,0,1,1,0,0,0,0,0,0,0,-
2017,Nikita Nesterov,"MTL, T.B",D,48,2.116666667,0,0,0,0,0,0,0,0,0,0,0,0,0,0,0,0,0,0,0,0,0,1,0,1,0,0,-
2017,Frank Corrado,"PIT, TOR",D,4,2.133333333,0,0,0,0,0,0,0,0,0,0,0,0,0,0,0,0,0,0,0,1,0,0,1,1,0,0,-
2017,Rob O'Gara,BOS,D,3,6.583333333,0,0,0,0,0,0,0,0,0,0,0,0,0,0,0,0,0,0,0,0,0,0,0,1,0,0,-
2017,Lukas Sedlak,CBJ,C,62,35.6,0,0,0,0,0,1,0,3,2,1,0,0,0,0,0,0,0,0,2,0,1,3,0,2,12,11,52.17
2017,Dylan DeMelo,S.J,D,25,7.9,0,0,0,0,0,0,0,0,0,0,0,0,0,0,0,0,0,0,0,0,0,1,0,1,0,0,-
2017,Iiro Pakarinen,EDM,R,14,3.833333333,0,0,0,0,0,0,0,0,0,0,0,0,0,0,0,0,0,0,0,0,1,0,0,0,0,0,-
2017,Tyler Graovac,MIN,C,52,0.133333333,0,0,0,0,0,0,0,0,0,0,0,0,0,0,0,0,0,0,0,0,0,0,0,0,0,0,-
2017,Johnny Gaudreau,CGY,L,72,1.983333333,0,0,0,0,0,0,0,0,0,0,0,0,0,0,0,0,0,0,0,0,0,0,0,0,0,0,-
2017,Blake Pietila,N.J,L,10,12.35,0,0,0,0,0,1,0,1,1,1,1,0,0,0,0,0,0,0,1,1,2,0,0,0,3,7,30
2017,Sean Kuraly,BOS,C,8,0.983333333,0,0,0,0,0,0,0,1,0,1,0,1,0,0,0,0,0,0,0,0,0,0,0,0,0,0,-
2017,Andrew Shaw,MTL,C,68,8.15,0,0,0,0,0,0,0,0,0,0,0,0,0,47,6,1,1,4,3,2,1,0,0,2,1,4,20
2017,Shane Prince,NYI,"C, L",50,0.7,0,0,0,0,0,0,0,0,0,0,0,0,0,2,1,1,0,0,2,0,0,0,0,0,0,0,-
2017,Nick Cousins,PHI,C,60,1.483333333,0,0,0,0,0,0,0,0,0,0,0,0,0,0,0,0,0,0,1,0,0,0,0,0,1,0,100
2017,Blake Coleman,N.J,C,23,24.11666667,0,0,0,0,0,2,0,3,3,3,1,0,0,2,1,1,0,0,1,0,0,0,1,1,8,19,29.63
2017,Klas Dahlbeck,CAR,D,43,18.06666667,0,0,0,0,0,1,0,2,2,1,1,0,1,0,0,0,0,0,1,0,0,2,0,3,0,0,-
2017,Andy Andreoff,L.A,"C, L",36,6.066666667,0,0,0,0,0,0,0,0,0,0,0,0,0,20,2,0,0,2,0,0,0,1,0,0,0,2,0
2017,Alan Quine,NYI,C,61,22.1,0,0,0,0,0,0,0,0,0,0,0,0,0,0,0,0,0,0,0,0,2,1,0,1,7,17,29.17
2017,Josh Leivo,TOR,L,13,0.433333333,0,0,0,0,0,0,0,0,0,0,0,0,0,0,0,0,0,0,0,0,0,0,0,0,0,0,-
2017,Robbie Russo,DET,D,19,21.5,0,0,0,0,0,1,0,1,1,0,0,0,0,0,0,0,0,0,1,1,0,0,1,2,0,0,-
2017,Mike Reilly,MIN,D,17,0.383333333,0,0,0,0,0,0,0,0,0,0,0,0,0,0,0,0,0,0,0,0,0,0,0,0,0,0,-
2017,Reid Boucher,"N.J, NSH, VAN",C,39,1.85,0,0,0,0,0,0,0,0,0,0,0,0,0,0,0,0,0,0,0,0,0,0,0,1,0,0,-
2017,Ty Rattie,"CAR, STL",R,9,0.066666667,0,0,0,0,0,0,0,0,0,0,0,0,0,0,0,0,0,0,0,0,0,0,0,0,0,0,-
2017,Scott Mayfield,NYI,D,25,0.516666667,0,0,0,0,0,0,0,0,0,0,0,0,0,15,2,0,1,1,3,0,0,0,1,0,0,0,-
2017,Tomas Jurco,"CHI, DET",L,29,0.6,0,0,0,0,0,0,0,0,0,0,0,0,0,0,0,0,0,0,0,0,0,0,0,0,0,0,-
2017,Adam Clendening,NYR,D,31,1.3,0,0,0,0,0,0,0,0,0,0,0,0,0,0,0,0,0,0,1,0,0,0,0,0,0,0,-
2017,Dmitrij Jaskin,STL,R,51,1.033333333,0,0,0,0,0,0,0,0,0,0,0,0,0,0,0,0,0,0,1,0,0,0,0,0,0,0,-
2017,Brandon Saad,CBJ,L,82,40.73333333,0,0,0,0,0,2,0,5,4,3,2,0,0,0,0,0,0,0,1,0,0,1,0,1,1,0,100
2017,Brett Ritchie,DAL,R,78,1.283333333,0,0,0,0,0,0,0,0,0,0,0,0,0,0,0,0,0,0,1,0,0,0,0,0,0,0,-
2017,Markus Granlund,VAN,C,69,83.68333333,0,0,0,0,0,6,0,10,7,4,1,0,0,0,0,0,0,0,1,2,2,0,1,1,5,13,27.78
2017,Joel Edmundson,STL,D,69,130.0666667,0,0,0,0,0,1,0,1,1,0,0,0,0,2,1,1,0,0,6,4,1,8,2,15,0,0,-
2017,Xavier Ouellet,DET,D,66,125.7,0,0,0,0,0,2,0,3,3,1,0,0,0,17,3,1,1,1,2,5,0,6,2,18,0,2,0
2017,Miikka Salomaki,NSH,R,5,5.616666667,0,0,0,0,0,0,0,0,0,0,0,0,0,0,0,0,0,0,0,0,0,0,0,2,0,0,-
2017,Scott Harrington,CBJ,D,22,6.716666667,0,0,0,0,0,0,0,0,0,0,0,0,0,0,0,0,0,0,1,1,1,0,0,0,0,0,-
2017,Ryan Sproul,DET,D,27,1.766666667,0,0,0,0,0,0,0,1,1,1,0,0,0,0,0,0,0,0,0,0,0,0,0,0,0,0,-
2017,Nikita Kucherov,T.B,R,74,1.166666667,0,0,0,0,0,0,0,0,0,0,0,0,0,0,0,0,0,0,2,0,0,0,0,0,0,0,-
2017,Ryan Nugent-Hopkins,EDM,C,82,142.0833333,0,0,0,0,0,12,0,21,14,13,3,2,2,2,1,1,0,0,2,3,5,2,1,7,38,78,32.76
2017,Jonathan Huberdeau,FLA,"C, L",31,2.883333333,0,0,0,0,0,0,0,1,1,1,0,0,0,0,0,0,0,0,1,0,0,0,0,0,0,0,-
2017,Adam Larsson,EDM,D,79,126.3666667,0,0,0,0,0,3,0,3,3,0,0,0,0,5,1,0,1,0,3,3,3,19,0,26,0,0,-
2017,Ryan Strome,NYI,"C, R",69,1.316666667,0,0,0,0,0,0,0,0,0,0,0,0,0,0,0,0,0,0,1,0,0,0,0,0,0,1,0
2017,Mika Zibanejad,NYR,C,56,39,0,0,0,0,0,1,0,2,1,0,0,0,0,0,0,0,0,0,1,1,1,0,1,2,21,46,31.34
2017,Jonas Brodin,MIN,D,68,126.5666667,0,0,0,0,0,0,0,0,0,0,0,0,0,2,1,1,0,0,0,1,0,1,3,12,0,0,-
2017,Duncan Siemens,COL,D,3,3.216666667,0,0,0,0,0,0,0,0,0,0,0,0,0,0,0,0,0,0,0,0,0,1,0,0,0,0,-
2017,Ryan Murphy,CAR,D,27,0.066666667,0,0,0,0,0,0,0,0,0,0,0,0,0,2,1,1,0,0,0,0,0,0,0,0,0,0,-
2017,Sven Baertschi,VAN,L,68,18.98333333,0,0,0,0,0,1,0,1,1,1,0,0,0,0,0,0,0,0,1,0,3,0,0,1,0,0,-
2017,Nathan Beaulieu,MTL,D,74,71.56666667,0,0,0,0,0,1,0,1,1,0,0,0,0,10,1,0,0,1,1,0,0,3,2,5,0,0,-
2017,Stefan Noesen,"ANA, N.J",R,44,16.95,0,0,0,0,0,0,0,0,0,0,0,0,0,4,2,2,0,0,1,1,0,0,0,0,0,1,0
2017,Joe Morrow,BOS,D,17,13.78333333,0,0,0,0,0,1,0,1,1,0,0,0,0,0,0,0,0,0,0,0,0,1,0,2,0,0,-
2017,Matt Puempel,"NYR, OTT",L,40,0.75,0,0,0,0,0,0,0,0,0,0,0,0,0,0,0,0,0,0,1,0,0,0,0,0,0,0,-
2017,Rickard Rakell,ANA,"C, R",71,0.616666667,0,0,0,0,0,0,0,0,0,0,0,0,0,0,0,0,0,0,0,0,0,0,0,0,0,0,-
2017,Seth Griffith,"FLA, TOR",C,24,1.05,0,0,0,0,0,0,0,0,0,0,0,0,0,0,0,0,0,0,1,0,0,0,0,0,0,0,-
2017,Samuel Henley,COL,C,1,0.2,0,0,0,0,0,0,0,0,0,0,0,0,0,0,0,0,0,0,0,0,0,0,0,0,0,0,-
2017,Colin Miller,BOS,D,61,15.63333333,0,0,0,0,0,1,0,1,1,0,0,0,0,10,1,0,0,1,2,0,0,0,0,0,0,0,-
2017,Jonathan Marchessault,FLA,C,75,3.366666667,0,0,0,0,0,0,0,0,0,0,0,0,0,0,0,0,0,0,0,0,0,1,0,0,4,1,80
2017,Barclay Goodrow,S.J,R,3,1.216666667,0,0,0,0,0,0,0,0,0,0,0,0,0,0,0,0,0,0,0,0,0,0,1,0,0,0,-
2017,Brad Hunt,"NSH, STL",D,12,2.966666667,0,0,0,0,0,0,0,0,0,0,0,0,0,0,0,0,0,0,0,0,0,0,0,0,0,0,-
2017,Torey Krug,BOS,D,81,30.08333333,0,0,0,0,0,2,0,3,3,0,0,0,0,0,0,0,0,0,2,0,0,1,0,2,0,0,-
2017,Karl Stollery,N.J,D,11,0.833333333,0,0,0,0,0,0,0,0,0,0,0,0,0,0,0,0,0,0,1,0,0,0,0,0,0,0,-
2017,Matt Tennyson,CAR,D,45,13.86666667,0,0,0,0,0,0,0,1,1,0,0,0,0,0,0,0,0,0,2,0,0,0,0,2,0,0,-
2017,Brian Flynn,MTL,C,51,75.86666667,0,0,0,0,0,3,0,3,3,1,1,0,1,0,0,0,0,0,1,2,2,0,4,6,15,27,35.71
2017,Luke Glendening,DET,C,74,166.85,0,0,0,0,0,6,0,9,9,5,3,0,0,4,2,2,0,0,0,3,4,11,2,15,71,75,48.63
2017,Alex Galchenyuk,MTL,C,61,1.7,0,0,0,0,0,0,0,0,0,0,0,0,0,0,0,0,0,0,0,0,0,0,1,0,0,1,0
2017,Morgan Rielly,TOR,D,76,178.5,0,0,0,0,0,7,0,9,8,0,0,0,0,0,0,0,0,0,1,11,4,2,3,26,0,0,-
2017,Hampus Lindholm,ANA,D,66,159.9666667,0,0,0,0,0,2,0,3,2,0,0,0,0,0,0,0,0,0,3,5,0,13,5,17,0,0,-
2017,Nail Yakupov,STL,R,40,0.166666667,0,0,0,0,0,0,0,0,0,0,0,0,0,0,0,0,0,0,1,0,0,0,0,0,0,0,-
2017,Phillip Di Giuseppe,CAR,L,36,0.883333333,0,0,0,0,0,0,0,0,0,0,0,0,0,0,0,0,0,0,0,0,0,0,0,0,0,0,-
2017,Brendan Gaunce,VAN,C,57,27.7,0,0,0,0,0,1,0,2,1,2,1,0,0,0,0,0,0,0,0,0,0,3,1,1,4,1,80
2017,Brady Skjei,NYR,D,80,23.18333333,0,0,0,0,0,0,0,1,1,1,0,0,0,0,0,0,0,0,1,0,0,4,0,3,0,0,-
2017,Olli Maatta,PIT,D,55,127.3833333,0,0,0,0,0,1,0,2,1,0,0,0,0,2,1,1,0,0,2,5,2,8,3,17,0,0,-
2017,Jordan Schmaltz,STL,D,9,1,0,0,0,0,0,0,0,0,0,0,0,0,0,0,0,0,0,0,0,0,0,0,0,0,0,0,-
2017,Zemgus Girgensons,BUF,C,75,86.46666667,0,0,0,0,0,4,0,7,4,3,1,1,1,2,1,1,0,0,0,0,2,0,0,4,4,8,33.33
2017,Tom Wilson,WSH,R,82,168.6666667,0,0,0,0,0,9,0,13,10,5,3,0,0,4,2,2,0,0,10,2,9,13,12,16,0,1,0
2017,Tomas Hertl,S.J,C,49,59.16666667,0,0,0,0,0,2,0,2,2,1,0,0,1,2,1,1,0,0,0,1,2,5,0,9,28,30,48.28
2017,Teuvo Teravainen,CAR,L,81,1.283333333,0,0,0,0,0,0,0,0,0,0,0,0,0,0,0,0,0,0,0,0,0,0,0,0,0,0,-
2017,Derrick Pouliot,PIT,D,11,12.18333333,0,0,0,0,0,0,0,0,0,0,0,0,0,0,0,0,0,0,0,1,1,0,1,1,0,0,-
2017,Slater Koekkoek,T.B,D,29,10.18333333,0,0,0,0,0,0,0,0,0,0,0,0,0,0,0,0,0,0,0,0,0,1,1,1,0,0,-
2017,Mikhail Grigorenko,COL,C,75,82.03333333,0,0,0,0,0,0,0,1,1,1,0,0,0,0,0,0,0,0,0,2,6,2,1,2,23,7,76.67
2017,Radek Faksa,DAL,C,80,158.6333333,0,0,0,0,0,6,0,13,10,12,3,4,1,8,4,4,0,0,4,3,8,5,3,16,94,127,42.53
2017,Oskar Sundqvist,PIT,C,10,4.95,0,0,0,0,0,1,0,1,1,1,1,0,0,0,0,0,0,0,0,0,0,0,1,0,1,1,50
2017,Esa Lindell,DAL,D,73,149.2833333,0,0,0,0,0,2,0,3,3,2,2,1,2,2,1,1,0,0,0,3,3,6,2,13,0,0,-
2017,Chandler Stephenson,WSH,C,4,0.95,0,0,0,0,0,0,0,0,0,0,0,0,0,0,0,0,0,0,0,0,0,0,0,0,0,1,0
2017,Shayne Gostisbehere,PHI,D,76,6.1,0,0,0,0,0,1,0,1,1,0,0,0,0,0,0,0,0,0,1,0,0,0,0,1,0,0,-
2017,Devin Shore,DAL,C,82,12.28333333,0,0,0,0,0,1,0,1,1,1,0,0,0,2,1,1,0,0,0,0,0,0,0,0,4,2,66.67
2017,Jujhar Khaira,EDM,L,10,0.233333333,0,0,0,0,0,0,0,0,0,0,0,0,0,0,0,0,0,0,0,0,0,0,0,0,0,0,-
2017,Adam Pelech,NYI,D,44,43,0,0,0,0,0,1,0,1,1,1,1,0,0,0,0,0,0,0,1,1,0,2,0,13,0,0,-
2017,Jimmy Vesey,NYR,L,80,0.466666667,0,0,0,0,0,0,0,0,0,0,0,0,0,0,0,0,0,0,1,0,0,0,0,0,0,0,-
2017,Damon Severson,N.J,D,80,24.5,0,0,0,0,0,0,0,0,0,0,0,0,0,0,0,0,0,0,4,1,1,1,0,1,0,0,-
2017,Jake McCabe,BUF,D,76,125.5666667,0,0,0,0,0,0,0,1,1,1,0,1,0,4,2,2,0,0,1,3,2,7,2,19,0,0,-
2017,Connor Carrick,TOR,D,67,16.66666667,0,0,0,0,0,0,0,0,0,0,0,0,0,2,1,1,0,0,2,0,0,2,0,1,0,0,-
2017,Taylor Leier,PHI,L,10,3.233333333,0,0,0,0,0,0,0,0,0,0,0,0,0,0,0,0,0,0,0,0,0,0,0,0,0,0,-
2017,Andreas Athanasiou,DET,C,64,33.4,0,0,0,0,0,5,0,6,6,2,1,0,0,0,0,0,0,0,0,1,3,1,1,0,2,1,66.67
2017,Brett Kulak,CGY,D,21,2.216666667,0,0,0,0,0,0,0,0,0,0,0,0,0,2,1,1,0,0,1,0,0,0,0,0,0,0,-
2017,Cedric Paquette,T.B,C,58,84.78333333,0,0,0,0,0,3,0,4,3,2,1,0,0,34,5,2,0,3,6,3,6,2,1,12,27,51,34.62
2017,Josh Anderson,CBJ,R,78,14.71666667,0,0,0,0,0,0,0,0,0,0,0,0,0,2,1,1,0,0,10,0,1,0,0,3,0,0,-
2017,Daniel O'Regan,S.J,C,3,0.616666667,0,0,0,0,0,0,0,0,0,0,0,0,0,0,0,0,0,0,0,0,0,0,0,0,0,0,-
2017,Paul LaDue,L.A,D,22,3.333333333,0,0,0,0,0,0,0,0,0,0,0,0,0,0,0,0,0,0,0,0,0,0,0,0,0,0,-
2017,Matthew Benning,EDM,D,62,43.1,0,0,0,0,0,0,0,0,0,0,0,0,0,2,1,1,0,0,2,0,0,4,0,8,0,0,-
2017,Petteri Lindbohm,STL,D,7,1.216666667,0,0,0,0,0,0,0,0,0,0,0,0,0,0,0,0,0,0,0,0,0,1,0,0,0,0,-
2017,Vinnie Hinostroza,CHI,"C, L",49,0.8,0,0,0,0,0,0,0,0,0,0,0,0,0,2,1,1,0,0,0,0,0,0,0,0,0,0,-
2017,Jake Dotchin,T.B,D,35,5.1,0,0,0,0,0,0,0,0,0,0,0,0,0,0,0,0,0,0,3,1,0,1,0,0,0,0,-
2017,Joseph Blandisi,N.J,L,27,0.7,0,0,0,0,0,0,0,0,0,0,0,0,0,0,0,0,0,0,2,0,0,0,0,0,0,1,0
2017,Ben Hutton,VAN,D,71,38.28333333,0,0,0,0,0,0,0,0,0,0,0,0,0,0,0,0,0,0,0,2,0,3,0,0,0,0,-
2017,Jaycob Megna,ANA,D,1,0.983333333,0,0,0,0,0,0,0,0,0,0,0,0,0,0,0,0,0,0,0,0,0,0,0,0,0,0,-
2017,Brady Austin,BUF,D,5,3.033333333,0,0,0,0,0,0,0,0,0,0,0,0,0,0,0,0,0,0,0,0,0,0,0,0,0,0,-
2017,Jayson Megna,VAN,C,58,2.616666667,0,0,0,0,0,0,0,0,0,0,0,0,0,0,0,0,0,0,0,0,0,0,0,0,0,1,0
2017,Andrej Sustr,T.B,D,80,165.75,0,0,0,0,0,1,0,2,1,0,0,0,0,2,1,1,0,0,3,8,5,4,6,30,0,0,-
2017,Tim Schaller,BOS,C,59,66.43333333,0,0,0,0,0,4,0,4,4,3,1,1,0,2,1,1,0,0,1,1,6,2,0,2,2,5,28.57
2017,Danny DeKeyser,DET,D,82,217.2666667,0,0,0,0,0,1,0,4,3,1,0,0,1,2,1,1,0,0,2,5,2,13,2,38,0,0,-
2017,Carter Rowney,PIT,R,27,28.38333333,0,0,0,0,0,0,0,0,0,0,0,0,0,0,0,0,0,0,0,1,2,3,0,1,10,11,47.62
2017,Chad Ruhwedel,PIT,D,34,38.46666667,0,0,0,0,0,0,0,0,0,0,0,0,0,0,0,0,0,0,0,1,0,1,0,2,0,0,-
2017,Michael Raffl,PHI,L,52,1.383333333,0,0,0,0,0,0,0,0,0,0,0,0,0,0,0,0,0,0,1,0,0,0,0,0,0,0,-
2017,Anton Blidh,BOS,L,19,4.983333333,0,0,0,0,0,0,0,1,0,0,0,0,0,0,0,0,0,0,0,0,0,0,0,0,0,0,-
2017,Joel Vermin,T.B,R,18,14.95,0,0,0,0,0,1,0,2,2,1,1,1,0,0,0,0,0,0,0,0,1,1,0,1,0,0,-
2017,Tyler Motte,CHI,"C, L",33,35.63333333,0,0,0,0,0,0,0,0,0,0,0,0,0,0,0,0,0,0,1,2,2,1,0,4,1,3,25
2017,Jonny Brodzinski,L.A,C,6,0.05,0,0,0,0,0,0,0,0,0,0,0,0,0,0,0,0,0,0,0,0,0,0,0,0,0,0,-
2017,Hudson Fasching,BUF,R,10,5.383333333,0,0,0,0,0,0,0,0,0,0,0,0,0,0,0,0,0,0,0,0,0,0,0,1,0,0,-
2017,Pavel Buchnevich,NYR,"L, R",41,0.616666667,0,0,0,0,0,0,0,0,0,0,0,0,0,0,0,0,0,0,0,0,0,0,0,0,0,0,-
2017,Jake Guentzel,PIT,C,40,0.3,0,0,0,0,0,0,0,0,0,0,0,0,0,0,0,0,0,0,0,0,0,0,0,0,0,0,-
2017,Anthony Duclair,ARI,L,58,0.266666667,0,0,0,0,0,0,0,0,0,0,0,0,0,0,0,0,0,0,0,0,0,0,0,0,0,0,-
2017,Sven Andrighetto,"COL, MTL",R,46,0.716666667,0,0,0,0,0,0,0,0,0,0,0,0,0,0,0,0,0,0,1,0,0,0,0,0,0,0,-
2017,Anton Slepyshev,EDM,L,41,0.483333333,0,0,0,0,0,0,0,0,0,0,0,0,0,0,0,0,0,0,0,0,0,0,0,0,0,0,-
2017,Oliver Bjorkstrand,CBJ,R,26,0.066666667,0,0,0,0,0,0,0,0,0,0,0,0,0,0,0,0,0,0,0,0,0,0,0,0,0,0,-
2017,Miles Wood,N.J,L,60,0.25,0,0,0,0,0,0,0,0,0,0,0,0,0,5,1,0,1,0,6,0,0,1,0,0,0,0,-
2017,Ben Harpur,OTT,D,6,1.683333333,0,0,0,0,0,0,0,0,0,0,0,0,0,0,0,0,0,0,0,1,0,0,0,0,0,0,-
2017,Michael McCarron,MTL,R,31,0.3,0,0,0,0,0,0,0,0,0,0,0,0,0,5,1,0,1,0,3,0,0,0,0,0,0,0,-
2017,Marko Dano,WPG,C,38,1.266666667,0,0,0,0,0,0,0,0,0,0,0,0,0,0,0,0,0,0,0,0,0,0,0,0,0,0,-
2017,Jason Dickinson,DAL,C,10,1.083333333,0,0,0,0,0,0,0,1,1,1,0,0,0,0,0,0,0,0,0,0,0,0,0,0,1,2,33.33
2017,Ryan Hartman,CHI,"L, R",76,7.316666667,0,0,0,0,0,0,0,0,0,0,0,0,0,17,3,1,1,1,3,0,0,1,0,1,1,0,100
2017,Jacob De La Rose,MTL,L,9,18.98333333,0,0,0,0,0,0,0,0,0,0,0,0,0,2,1,1,0,0,0,0,1,3,0,1,4,2,66.67
2017,J.T. Compher,COL,L,21,17.7,0,0,0,0,0,0,0,1,1,1,1,0,0,0,0,0,0,0,0,2,0,1,0,1,5,7,41.67
2017,Remi Elie,DAL,L,18,18.95,0,0,0,0,0,0,0,0,0,0,0,0,0,0,0,0,0,0,0,0,0,2,0,0,0,0,-
2017,Robert Hagg,PHI,D,1,1.566666667,0,0,0,0,0,1,0,1,1,0,0,0,0,0,0,0,0,0,0,0,0,0,0,1,0,0,-
2017,Steven Santini,N.J,D,38,53,0,0,0,0,0,1,0,1,1,0,0,0,0,2,1,1,0,0,0,1,0,7,0,2,0,0,-
2017,Nic Petan,WPG,"C, L",54,3.933333333,0,0,0,0,0,0,0,0,0,0,0,0,0,0,0,0,0,0,0,0,0,0,0,0,0,1,0
2017,Nick Sorensen,ANA,R,5,0.383333333,0,0,0,0,0,0,0,0,0,0,0,0,0,0,0,0,0,0,0,0,0,0,0,0,0,0,-
2017,Gustav Olofsson,MIN,D,13,0.783333333,0,0,0,0,0,0,0,0,0,0,0,0,0,0,0,0,0,0,0,0,0,0,0,0,0,0,-
2017,Justin Bailey,BUF,R,32,0.05,0,0,0,0,0,0,0,0,0,0,0,0,0,0,0,0,0,0,1,0,0,0,0,0,0,0,-
2017,William Carrier,BUF,L,41,2.4,0,0,0,0,0,0,0,0,0,0,0,0,0,0,0,0,0,0,1,0,0,0,0,0,0,1,0
2017,Zach Sanford,"STL, WSH",L,39,9.883333333,0,0,0,0,0,1,0,1,1,1,0,1,0,0,0,0,0,0,0,0,0,0,0,1,0,0,-
2017,Brett Pesce,CAR,D,82,178.0833333,0,0,0,0,0,2,0,2,2,0,0,0,0,0,0,0,0,0,3,2,6,5,5,21,0,0,-
2017,Nicholas Baptiste,BUF,R,14,0.233333333,0,0,0,0,0,0,0,0,0,0,0,0,0,0,0,0,0,0,0,0,0,0,0,0,0,0,-
2017,Aleksander Barkov,FLA,C,61,78.61666667,0,0,0,0,0,1,0,3,3,2,1,0,0,0,0,0,0,0,1,7,7,4,3,4,30,37,44.78
2017,Jonathan Drouin,T.B,L,73,0.683333333,0,0,0,0,0,0,0,0,0,0,0,0,0,2,1,1,0,0,1,0,0,0,0,0,1,0,100
2017,Seth Jones,CBJ,D,75,159.4166667,0,0,0,0,0,3,0,4,4,0,0,0,1,4,1,1,0,0,1,2,4,7,5,23,0,0,-
2017,Darnell Nurse,EDM,D,44,52.33333333,0,0,0,0,0,2,0,2,2,0,0,0,0,2,1,1,0,0,4,2,1,5,0,10,0,0,-
2017,Samuel Morin,PHI,D,1,3.15,0,0,0,0,0,0,0,0,0,0,0,0,0,0,0,0,0,0,0,0,1,2,0,0,0,0,-
2017,Max Domi,ARI,"C, L",59,6.55,0,0,0,0,0,0,0,1,0,0,0,0,0,0,0,0,0,0,4,0,0,0,0,0,0,1,0
2017,Josh Morrissey,WPG,D,82,71.83333333,0,0,0,0,0,1,0,3,1,1,0,0,0,0,0,0,0,0,1,2,1,8,0,10,0,0,-
2017,Alexander Wennberg,CBJ,C,80,50.96666667,0,0,0,0,0,1,0,1,1,0,0,0,0,0,0,0,0,0,1,0,2,0,0,2,4,12,25
2017,Nikita Zadorov,COL,D,56,118.5333333,0,0,0,0,0,1,0,2,1,0,0,0,0,6,3,3,0,0,4,6,0,12,0,18,0,0,-
2017,Curtis Lazar,"CGY, OTT",C,37,10.93333333,0,0,0,0,0,1,0,1,1,0,0,0,0,0,0,0,0,0,0,0,0,0,0,1,0,1,0
2017,Mirco Mueller,S.J,D,4,0.933333333,0,0,0,0,0,0,0,0,0,0,0,0,0,0,0,0,0,0,0,0,0,0,0,0,0,0,-
2017,Anthony Mantha,DET,R,60,0.883333333,0,0,0,0,0,0,0,0,0,0,0,0,0,0,0,0,0,0,1,0,0,0,0,0,0,0,-
2017,Frederik Gauthier,TOR,C,21,21.88333333,0,0,0,0,0,1,0,1,1,1,1,1,0,15,2,0,1,1,0,0,1,0,1,4,33,41,44.59
2017,Tyler Gaudet,ARI,C,4,9.066666667,0,0,0,0,0,1,0,1,1,0,0,0,0,0,0,0,0,0,0,0,0,0,0,0,2,5,28.57
2017,Conor Sheary,PIT,L,61,1.2,0,0,0,0,0,0,0,0,0,0,0,0,0,2,1,1,0,0,1,0,0,0,0,0,0,0,-
2017,Trevor van Riemsdyk,CHI,D,58,50.58333333,0,0,0,0,0,0,0,0,0,0,0,0,0,0,0,0,0,0,0,3,1,0,1,7,0,0,-
2017,Ryan Carpenter,S.J,C,11,8.883333333,0,0,0,0,0,2,0,2,2,0,0,0,1,0,0,0,0,0,0,1,0,0,0,0,0,2,0
2017,Christian Folin,MIN,D,51,49.15,0,0,0,0,0,0,0,0,0,0,0,0,0,0,0,0,0,0,2,0,0,1,0,3,0,0,-
2017,Connor Jones,NYI,C,4,1.783333333,0,0,0,0,0,0,0,0,0,0,0,0,0,0,0,0,0,0,0,0,0,0,0,0,0,0,-
2017,Patrick Brown,CAR,C,14,1.3,0,0,0,0,0,0,0,0,0,0,0,0,0,0,0,0,0,0,0,0,0,0,0,0,0,0,-
2017,Daniel Carr,MTL,L,33,0.216666667,0,0,0,0,0,0,0,0,0,0,0,0,0,0,0,0,0,0,0,0,0,0,0,0,0,0,-
2017,Garnet Hathaway,CGY,R,26,1.933333333,0,0,0,0,0,1,0,2,1,1,0,0,0,12,2,1,0,1,2,0,0,0,0,0,0,0,-
2017,Frederick Gaudreau,NSH,C,9,1.133333333,0,0,0,0,0,0,0,0,0,0,0,0,0,0,0,0,0,0,0,0,1,0,0,0,0,0,-
2017,Dennis Rasmussen,CHI,C,68,118.6666667,0,0,0,0,0,3,0,4,3,2,1,1,0,0,0,0,0,0,1,7,4,5,2,9,21,34,38.18
2017,Tomas Nosek,DET,L,11,2.333333333,0,0,0,0,0,0,0,0,0,0,0,0,0,0,0,0,0,0,0,0,0,0,0,0,3,2,60
2017,Sam Reinhart,BUF,C,79,5.05,0,0,0,0,0,0,0,0,0,0,0,0,0,0,0,0,0,0,0,0,1,0,0,0,0,0,-
2017,Leon Draisaitl,EDM,C,82,35,0,0,0,0,0,1,0,2,2,1,0,0,0,0,0,0,0,0,0,0,3,1,0,1,14,22,38.89
2017,William Nylander,TOR,C,81,1,0,0,0,0,0,0,0,0,0,0,0,0,0,0,0,0,0,0,0,0,0,0,0,0,0,0,-
2017,Nikolaj Ehlers,WPG,L,82,2.05,0,0,0,0,0,1,0,2,1,1,1,0,0,0,0,0,0,0,1,0,0,0,0,0,0,0,-
2017,Nick Ritchie,ANA,L,77,4.433333333,0,0,0,0,0,0,0,0,0,0,0,0,0,0,0,0,0,0,2,0,1,1,0,0,0,1,0
2017,Kevin Fiala,NSH,L,54,6.816666667,0,0,0,0,0,0,0,0,0,0,0,0,0,0,0,0,0,0,0,0,0,0,0,0,0,0,-
2017,Brendan Perlini,ARI,L,57,2.8,0,0,0,0,0,0,0,0,0,0,0,0,0,0,0,0,0,0,0,0,0,0,0,0,0,0,-
2017,Julius Honka,DAL,D,16,0.85,0,0,0,0,0,0,0,0,0,0,0,0,0,0,0,0,0,0,0,0,0,0,0,0,0,0,-
2017,Anthony DeAngelo,ARI,D,39,2.783333333,0,0,0,0,0,0,0,0,0,0,0,0,0,12,2,1,0,1,2,0,0,0,0,0,0,0,-
2017,Nick Schmaltz,CHI,C,61,1.066666667,0,0,0,0,0,0,0,0,0,0,0,0,0,0,0,0,0,0,0,0,0,0,0,0,0,0,-
2017,Robby Fabbri,STL,C,51,2.766666667,0,0,0,0,0,0,0,0,0,0,0,0,0,0,0,0,0,0,2,0,0,0,0,0,0,0,-
2017,Kasperi Kapanen,TOR,R,8,11.16666667,0,0,0,0,0,1,0,1,1,1,1,0,0,0,0,0,0,0,0,0,0,0,0,2,0,0,-
2017,Jared McCann,FLA,C,29,0.566666667,0,0,0,0,0,0,0,0,0,0,0,0,0,0,0,0,0,0,0,0,0,0,0,0,0,0,-
2017,David Pastrnak,BOS,R,75,1.183333333,0,0,0,0,0,0,0,0,0,0,0,0,0,0,0,0,0,0,1,0,0,0,0,0,0,0,-
2017,John Quenneville,N.J,C,12,0.366666667,0,0,0,0,0,0,0,0,0,0,0,0,0,0,0,0,0,0,0,0,0,0,0,0,0,0,-
2017,Ivan Barbashev,STL,C,30,0.533333333,0,0,0,0,0,0,0,0,0,0,0,0,0,0,0,0,0,0,0,0,0,0,0,0,0,3,0
2017,Andreas Englund,OTT,D,5,0.883333333,0,0,0,0,0,0,0,0,0,0,0,0,0,0,0,0,0,0,0,0,0,0,0,0,0,0,-
2017,Brandon Montour,ANA,D,27,7.5,0,0,0,0,0,1,0,1,1,0,0,0,0,0,0,0,0,0,0,0,0,0,0,2,0,0,-
2017,Christian Dvorak,ARI,"C, L",78,66.56666667,0,0,0,0,0,0,0,1,0,1,0,0,0,0,0,0,0,0,1,0,2,0,5,8,16,22,42.11
2017,Nikita Tryamkin,VAN,D,66,96.43333333,0,0,0,0,0,3,0,5,4,0,0,0,0,0,0,0,0,0,1,3,1,5,0,12,0,0,-
2017,Brett Lernout,MTL,D,2,0.233333333,0,0,0,0,0,0,0,0,0,0,0,0,0,0,0,0,0,0,0,0,0,0,0,0,0,0,-
2017,Brayden Point,T.B,C,68,17.46666667,0,0,0,0,0,0,0,0,0,0,0,0,0,2,1,1,0,0,1,0,2,1,0,3,8,5,61.54
2017,Danton Heinen,BOS,C,8,0.666666667,0,0,0,0,0,0,0,0,0,0,0,0,0,0,0,0,0,0,0,0,0,0,0,0,0,0,-
2017,Gustav Forsling,CHI,D,38,3.133333333,0,0,0,0,0,0,0,0,0,0,0,0,0,0,0,0,0,0,0,0,0,0,0,1,0,0,-
2017,Anton Lindholm,COL,D,12,14.1,0,0,0,0,0,0,0,0,0,0,0,0,0,0,0,0,0,0,0,0,0,2,0,4,0,0,-
2017,Kevin Labanc,S.J,R,55,10.51666667,0,0,0,0,0,1,0,1,1,1,1,0,0,0,0,0,0,0,0,0,0,1,0,0,0,0,-
2017,Ondrej Kase,ANA,R,53,0.433333333,0,0,0,0,0,0,0,0,0,0,0,0,0,0,0,0,0,0,0,0,0,0,0,0,0,0,-
2017,Frank Vatrano,BOS,C,44,1.233333333,0,0,0,0,0,0,0,0,0,0,0,0,0,0,0,0,0,0,1,0,0,0,0,0,0,0,-
2017,Nikita Soshnikov,TOR,R,56,63.91666667,0,0,0,0,0,4,0,4,4,3,2,2,0,2,1,1,0,0,0,2,5,3,4,3,0,6,0
2017,Noah Hanifin,CAR,D,81,4.233333333,0,0,0,0,0,0,0,0,0,0,0,0,0,0,0,0,0,0,0,0,0,0,0,0,0,0,-
2017,Rasmus Andersson,CGY,D,1,0.016666667,0,0,0,0,0,0,0,0,0,0,0,0,0,0,0,0,0,0,0,0,0,0,0,0,0,0,-
2017,Pavel Zacha,N.J,C,70,49.65,0,0,0,0,0,1,0,1,1,1,1,0,0,0,0,0,0,0,2,0,2,3,1,1,4,11,26.67
2017,Jack Eichel,BUF,C,61,14.68333333,0,0,0,0,0,2,0,3,3,3,1,0,0,0,0,0,0,0,2,1,0,0,0,0,4,4,50
2017,Timo Meier,S.J,R,34,13.78333333,0,0,0,0,0,1,0,1,1,1,1,0,0,0,0,0,0,0,1,0,1,1,0,1,0,1,0
2017,Mikko Rantanen,COL,R,75,3.266666667,0,0,0,0,0,1,0,1,1,1,1,0,0,0,0,0,0,0,0,0,0,0,0,0,0,0,-
2017,A.J. Greer,COL,L,5,1.283333333,0,0,0,0,0,0,0,1,1,1,0,0,0,2,1,1,0,0,1,0,0,0,0,0,0,0,-
2017,Christian Fischer,ARI,R,7,1.55,0,0,0,0,0,0,0,0,0,0,0,0,0,0,0,0,0,0,0,0,0,0,0,0,0,0,-
2017,Travis Konecny,PHI,C,70,2.316666667,0,0,0,0,0,0,0,0,0,0,0,0,0,0,0,0,0,0,0,0,0,0,0,0,0,0,-
2017,Dylan Strome,ARI,C,7,0.166666667,0,0,0,0,0,0,0,0,0,0,0,0,0,0,0,0,0,0,0,0,0,0,0,0,0,0,-
2017,Zach Werenski,CBJ,D,78,59.36666667,0,0,0,0,0,1,0,3,1,0,0,0,0,0,0,0,0,0,0,1,0,0,0,12,0,0,-
2017,Anthony Beauvillier,NYI,"C, L",66,3.066666667,0,0,0,0,0,0,0,0,0,0,0,0,0,0,0,0,0,0,0,0,0,0,0,0,1,3,25
2017,Blake Speers,N.J,C,3,3.35,0,0,0,0,0,0,0,0,0,0,0,0,0,0,0,0,0,0,0,0,0,0,0,0,0,1,0
2017,Mitchell Marner,TOR,C,77,6.016666667,0,0,0,0,0,2,0,2,2,1,1,1,0,0,0,0,0,0,1,1,3,1,0,0,0,1,0
2017,Jacob Larsson,ANA,D,4,8.2,0,0,0,0,0,0,0,0,0,0,0,0,0,0,0,0,0,0,0,1,0,0,0,0,0,0,-
2017,Joel Eriksson Ek,MIN,C,15,2.466666667,0,0,0,0,0,0,0,0,0,0,0,0,0,0,0,0,0,0,0,0,0,0,0,0,1,1,50
2017,Ivan Provorov,PHI,D,82,231.2166667,0,0,0,0,0,9,0,11,10,3,1,0,0,0,0,0,0,0,2,12,4,10,5,42,0,0,-
2017,Gabriel Carlsson,CBJ,D,2,0.733333333,0,0,0,0,0,0,0,0,0,0,0,0,0,0,0,0,0,0,0,0,0,0,0,0,0,0,-
2017,Austin Czarnik,BOS,C,49,54.36666667,0,0,0,0,0,3,0,5,5,3,2,1,0,0,0,0,0,0,0,1,4,0,0,7,2,5,28.57
2017,Tanner Kero,CHI,C,47,68,0,0,0,0,0,3,0,4,3,2,1,0,0,0,0,0,0,0,1,2,0,2,0,8,8,23,25.81
2017,Markus Hannikainen,CBJ,L,10,6.833333333,0,0,0,0,0,0,0,1,0,0,0,0,0,0,0,0,0,0,0,0,0,0,0,1,0,0,-
2017,Evan Rodrigues,BUF,L,30,32.13333333,0,0,0,0,0,2,0,4,4,1,0,0,0,0,0,0,0,0,0,0,1,0,1,0,3,3,50
2017,Artemi Panarin,CHI,"C, L",82,2.583333333,0,0,0,0,0,0,0,0,0,0,0,0,0,0,0,0,0,0,0,0,0,0,0,0,0,0,-
2017,Jakub Nakladal,CAR,D,3,0.233333333,0,0,0,0,0,0,0,0,0,0,0,0,0,0,0,0,0,0,0,0,0,0,0,0,0,0,-
2017,Sergey Kalinin,N.J,C,43,85.46666667,0,0,0,0,0,2,0,3,2,2,1,0,0,2,1,1,0,0,1,1,2,3,4,5,7,11,38.89
2017,Noel Acciari,BOS,C,29,5.216666667,0,0,0,0,0,0,0,0,0,0,0,0,0,0,0,0,0,0,0,1,1,0,0,0,1,0,100
2017,Denis Malgin,FLA,C,47,0.266666667,0,0,0,0,0,0,0,0,0,0,0,0,0,0,0,0,0,0,0,0,0,0,0,0,0,0,-
2017,Alexandre Carrier,NSH,D,2,0.016666667,0,0,0,0,0,0,0,0,0,0,0,0,0,0,0,0,0,0,0,0,0,0,0,0,0,0,-
2017,Markus Nutivaara,CBJ,D,66,1.7,0,0,0,0,0,0,0,0,0,0,0,0,0,0,0,0,0,0,0,0,0,0,0,0,0,0,-
2017,Nick Lappin,N.J,R,43,12.51666667,0,0,0,0,0,0,0,0,0,0,0,0,0,2,1,1,0,0,2,0,0,0,1,1,0,1,0
2017,Casey Nelson,BUF,D,11,0.65,0,0,0,0,0,0,0,0,0,0,0,0,0,0,0,0,0,0,0,0,0,0,0,0,0,0,-
2017,Kevin Rooney,N.J,C,4,0.6,0,0,0,0,0,0,0,0,0,0,0,0,0,0,0,0,0,0,0,0,0,0,0,0,0,1,0
2017,Brandon Tanev,WPG,L,51,85.33333333,0,0,0,0,0,2,0,2,2,2,0,1,0,10,1,0,0,1,1,2,5,8,3,13,1,0,100
2017,Matthew Tkachuk,CGY,L,76,1.6,0,0,0,0,0,0,0,0,0,0,0,0,0,26,5,3,0,2,7,0,0,0,0,0,0,0,-
2017,Auston Matthews,TOR,C,82,0.866666667,0,0,0,0,0,0,0,0,0,0,0,0,0,0,0,0,0,0,1,0,0,0,0,0,0,2,0
2017,Patrik Laine,WPG,R,73,1.416666667,0,0,0,0,0,0,0,0,0,0,0,0,0,0,0,0,0,0,1,0,0,0,0,0,0,0,-
2017,Jesse Puljujarvi,EDM,R,28,0.266666667,0,0,0,0,0,0,0,0,0,0,0,0,0,0,0,0,0,0,0,0,0,0,0,1,0,0,-
2017,Jakob Chychrun,ARI,D,68,78.81666667,0,0,0,0,0,2,0,4,4,0,0,0,0,0,0,0,0,0,0,3,0,5,1,20,0,0,-
2017,Tyson Jost,COL,C,6,5.633333333,0,0,0,0,0,0,0,0,0,0,0,0,0,0,0,0,0,0,0,0,0,0,0,0,2,1,66.67
2017,Troy Stecher,VAN,D,71,4.633333333,0,0,0,0,0,0,0,0,0,0,0,0,0,0,0,0,0,0,0,0,0,1,0,0,0,0,-
2017,Michal Kempny,CHI,D,50,33.81666667,0,0,0,0,0,0,0,0,0,0,0,0,0,0,0,0,0,0,0,4,0,5,1,9,0,0,-
2017,Roman Lyubimov,PHI,L,47,23.4,0,0,0,0,0,0,0,2,1,1,0,1,0,0,0,0,0,0,0,0,0,0,0,1,0,2,0
2017,Michael Kapla,N.J,D,5,2.333333333,0,0,0,0,0,0,0,0,0,0,0,0,0,0,0,0,0,0,0,0,0,0,0,0,0,0,-